user_id,user_email
00u5k1obvyHHCnN8B0x7,bots_04.testUser@domai.co.uk
00u563v5tgyITxYd10x7,0c51bebe-ecda-4877-abce-c6fdcc4a4199@uam-cypress-tests.kpmg
00u4m2ao8kn5xxJH70x7,test02@gmail.com
00u4m2bhupJLYCAHx0x7,ciao@test.it
00u76ejghd3a4QmoE0x7,performancetesting44@glowtrack.co.uk
00u4m2cmf77b5XmpJ0x7,seniortester35+541@gmail.com
00u4m2d57u80lWeQE0x7,seniortester35+162@gmail.com
00u76eilqsFMgF26Z0x7,performancetesting36@glowtrack.co.uk
00u4m2aba6NGGiTtv0x7,testmobile831@gmail.com
00u4m2c5suItWjrVZ0x7,seniortester35+583@gmail.com
00u4m2cy03c473o0P0x7,seniortester35+345@gmail.com
00u4m2d3gt78zaUDP0x7,seniortester35+309@gmail.com
00u4m2ch9lcKJc4Xe0x7,seniortester35+560@gmail.com
00u4m2byjtxRCl35t0x7,randomtest@pccp.test
00u4rria44JYsotUl0x7,testtester54@gmail.com
00u4m2dywoi4YXVeA0x7,ert@test.com
00u76eg99ue3LRypl0x7,neil.tyson.test@gmail.com
00u4m2d6bsurMuFv80x7,seniortester35+237@gmail.com
00u56ud2svd28jNz00x7,ayan22sarkar+test@gmail.com
00u4m2bt89cuCdkrK0x7,Test46@pccp.test
00u4m2d0dyR50sxdk0x7,seniortester35+344@gmail.com
00u4m2c0xx2836bzl0x7,seniortester35+593@gmail.com
00u58fjwj6eAqHHMZ0x7,delegateclienttestemail128@gmail.com
00u6z9szsyyZHzjqu0x7,amar.kpmgtesting+switchovertest@gmail.com
00u76ekwzz6DiBH1x0x7,performancetesting48@glowtrack.co.uk
00u4m2cjr5tCRk2YE0x7,seniortester35+426@gmail.com
00u76epddd4KHiJub0x7,perftesting-4@glowtrack.co.uk
00u4m2d2ri0jqHBUB0x7,seniortester35+239@gmail.com
00u76eot1itL6UAaD0x7,performancetesting90@glowtrack.co.uk
00u4m2du3pDOuu8Px0x7,prospectiveclient.rictest19@pccp.test
00u55od6gwwqgKyfs0x7,test@uam477.com
00u4m2d0prMsBuHCD0x7,seniortester35+122@gmail.com
00u4m2cy73PQSdzmb0x7,sdfdsfds@test.com
00u4m2e2loGzXmxkq0x7,christopherbuchanan81+14-2-test2@gmail.com
00u4m2czrcY6A49HA0x7,seniortester35+295@gmail.com
00u4m2cr43vn7mqxs0x7,seniortester35+363@gmail.com
00u76eoqe6Jio3Idz0x7,performancetesting65@glowtrack.co.uk
00u76ehmtcW3Op3F50x7,performancetesting31@glowtrack.co.uk
00u4m2drgn6KrR2RD0x7,mark@test.com
00u4m2di5ntGERazq0x7,mocksprintm66@test.com
00u4m2csh4hhLRknn0x7,seniortester35+419@gmail.com
00u4m2cyl7Y0GXK4V0x7,seniortester35+472@gmail.com
00u4m2d2yz6jHdbm90x7,seniortester35+153@gmail.com
00u4m2cxt4z3UX3gw0x7,seniortester35+203@gmail.com
00u4m2e47zWi9qNmo0x7,AutomationTester4@pccp.test
00u4m2at3gPU0rWMq0x7,test1212@pccp.test
00u77mqi75cQynIIc0x7,test.approve@kpmgglowtrack.com
00u4m2cf0brkETnqZ0x7,seniortester35+517@gmail.com
00u4m2c4wwQVQfiV30x7,seniortester35+597@gmail.com
00u4m2e2kiTORPUtT0x7,zzzzsravan@test.com
00u4m2aiwep39jiMs0x7,test@test.pl
00u556j2v0wxFKMZa0x7,testperm@o.com
00u4m2dojz7XTETtY0x7,kpmg.test.isla+4@gmail.com
00u4qbvwkkxHBZFBI0x7,tester@tester.com
00u4m2dcgjRuXgBUY0x7,seniortester35+151@gmail.com
00u4m2ctg5OWzdEBp0x7,seniortester35+367@gmail.com
00u4m2d0r1rcJ1NW80x7,seniortester35+129@gmail.com
00u79q4yi2KbNweaB0x7,testone@gmail.com
00u4m2bx3hmt9FIQi0x7,test2@gamil.com
00u76ejft4k2AIJu10x7,performancetesting32@glowtrack.co.uk
00u4dk72zww6TWd2g0x7,Oktagrouptest@outlook.com
00u4m2d1xpHFoIT4k0x7,seniortester35+252@gmail.com
00u4m2d5d7UfLXA4e0x7,seniortester35+185@gmail.com
00u4m2ab9uhnrHfoy0x7,testingcast01@gmail.com
00u4m2cv1mQq5qFT50x7,qatestmaniac+test3@gmail.com
00u56bdk9kWhuZNCm0x7,99d682b0-f3f6-439e-95fa-2f39d84fcd45@uam-cypress-tests.kpmg
00u4m2cxj4ZBaFvxA0x7,seniortester35+241@gmail.com
00u4m2d4r7mPNq7J90x7,seniortester35+413@gmail.com
00u4m2chyiAfkNZFs0x7,seniortester35+56@gmail.com
00u4m2cuyvwaRdagA0x7,seniortester35+320@gmail.com
00u4m2ct4zOeNCLpx0x7,seniortester35+428@gmail.com
00u4m2d0v4YHVOHtn0x7,seniortester35+313@gmail.com
00u76ejhsmS9Mq9Mm0x7,performancetesting45@glowtrack.co.uk
00u4m2cdliDNDcJ1v0x7,seniortester35+479@gmail.com
00u4m2cxacBDNnt8H0x7,seniortester35+202@gmail.com
00u4m2drjaowsfxZK0x7,dsf@test.com
00u4m2ctxabjpzmTe0x7,seniortester35+523@gmail.com
00u5626ceimYoigIU0x7,automationtester2k20+EmailDelegate@gmail2.com
00u4m2cuiyRjDqsQm0x7,seniortester35+158@gmail.com
00u4m2djjp0sGUVMM0x7,seniortester35+112@gmail.com
00u5msvpzlyQg2TAl0x7,clientuser@testclientuser.com
00u4m2csa8JyMbiMm0x7,seniortester35+delegate3@gmail.com
00u4m2c91nllEr7PM0x7,test@test1.pccp
00u71dwnq65BRzaUf0x7,test210224@gmail.com
00u3v6yla07XCHMak0x7,email@test.com
00u4m2dwnwNeWwwzR0x7,elaine.rictesting.client@outlook.com
00u76egtdoWpCIXv60x7,performancetesting02@glowtrack.co.uk
00u4m2ci9b9B9L1uM0x7,seniortester35+607@gmail.com
00u4m2czjw3X8W5kC0x7,seniortester35+146@gmail.com
00u4m2d4voBYlDiuv0x7,seniortester35+358@gmail.com
00u4m2a1za38YZ1DZ0x7,testclientir01@gmail.com
00u4m2d0k4gRfxxnh0x7,seniortester35+137@gmail.com
00u76eoooj9nhEjno0x7,perftest-2@glowtrack.co.uk
00u4m2d0rbEyre09e0x7,seniortester35+299@gmail.com
00u76eih87yojKS190x7,performancetesting26@glowtrack.co.uk
00u4m2dbnqLPfSJ540x7,prospectiveclient.ric151@pccp.test
00u4m2bwzbqsfNsOL0x7,pccpuamupdate9@pccp.test
00u4m2cxwvhNMdsmU0x7,seniortester35+372@gmail.com
00u4m2ao4759FKWir0x7,mjtest@jay.com
00u4m2dhaxvuP6gkm0x7,prospectiveclient@pcc.test
00u5ooqyq6aW5GQ2y0x7,test@example.com
00u534337oI6kmJ3X0x7,testappmigration3@gmail.com
00u76el0wy9G9muXX0x7,performancetesting51@glowtrack.co.uk
00u4m2clynEuOdidn0x7,seniortester35+483@gmail.com
00u58kq4vj15jBk850x7,ctc.kddptest01@gmail.com
00u4m2cy6vGnPorYR0x7,seniortester35+210@gmail.com
00u4m2bx0meTAPBal0x7,clientlocal3@pccp.test
00u4m2dr01b8K2Ms00x7,seniortester35+172@gmail.com
00u4m2cyx5hDfJe6W0x7,seniortester35+307@gmail.com
00u53nxdyfJ3LJKSD0x7,newuiuser@pccp.test
00u4m2drmqJZn0mvw0x7,automationtester2k20+A3@gmail.com
00u4m2e6wnb8kLzip0x7,rozlynntest@gmail.com
00u4m2e5e6VVFW0LN0x7,transferpricingclient1@test.com
00u4m2dhcfh8r4fEQ0x7,prospectiveclient11@pcc.test
00u4m2df2cjZN1y1K0x7,seniortester35+134@gmail.com
00u4m2c1tdXsFLVsm0x7,testrelations@gmail.com
00u4m2d52zSFpR0T50x7,seniortester35+328@gmail.com
00u76eiwbgQReHj5H0x7,performancetesting35@glowtrack.co.uk
00u4m2do7gVADLPJv0x7,ramsingh@test.com
00u4m2d4sihod1Oec0x7,seniortester35+306@gmail.com
00u4m2dkyaG8oz9JD0x7,roletest@amc.com
00u4m2dmhi5RlpUWp0x7,prospectiveclient.ric6@pccp.test
00u4m2bbhtNgyuUJ90x7,test@tes.pcp
00u4m2c3f1t7ZucJh0x7,testpasscode@outlook.com
00u4m2e0ojt8fXMnU0x7,aj.dollar213+test3@gmail.com
00u4m2bhv0W2emox30x7,katyteststest@test.com
00u5883hovawTKomI0x7,testrdtaxuser@test.com
00u4m2djt4Odgh9gu0x7,dfgdfg@test.com
00u76epeeyTDn9V2T0x7,performancetesting96@glowtrack.co.uk
00u4m2d0yzamRm4q40x7,seniortester35+390@gmail.com
00u4m2e6xccJA6BTq0x7,testmemeber2@gmail.com
00u76emg0js6VOF360x7,performancetesting54@glowtrack.co.uk
00u4m2c787u1u1CkA0x7,seniortester35+543@gmail.com
00u4m2d6psMAXaQnR0x7,prospectiveclient.ric10@pccp.test
00u4m2e0sbTuFjaCN0x7,automationtester2k20+DelegateTest@gmail.com
00u53pk13qn4JbaJY0x7,testappworkflowokta1@gmail.com
00u4m2d0dc5UQcnvA0x7,seniortester35+353@gmail.com
00u53nxf1yFuMsNI60x7,newClientAuto1950@test.com
00u4m2ddaxXbUsDxk0x7,seniortester35+208@gmail.com
00u4m2chzcPf7Iigl0x7,seniortester35+558@gmail.com
00u4m2cypyGNgNwDx0x7,seniortester35+384@gmail.com
00u4m2a7tjy4AD4Kx0x7,noreply@test.com
00u4m2c3dlg2IvIxm0x7,vsk.pccptestclient2@gmail.com
00u4m2aciqWiLizyN0x7,testprod2@gmail.com
00u76eoqx4wXN26ay0x7,performancetesting85@glowtrack.co.uk
00u4m2e533ioXuqoJ0x7,automationtester2k20+QUE@gmail.com
00u52bxlhh1AXMCN70x7,testinggg@outlook.com
00u4m2ch97bgvMq0B0x7,seniortester35+527@gmail.com
00u4m2bijnKgHkYnu0x7,test@ddel.com
00u4m2c453Gp13Dge0x7,delegate.test@gmail.com
00u4m2ahixz8NnxUf0x7,attar.hussain.test@gmail.com
00u4m2bmumikpzf4v0x7,ctctest_nontbclient@gmail.com
00u4m2cu8cVK9jQDc0x7,seniortester35+315@gmail.com
00u76eim6mAycJ7de0x7,performancetesting40@glowtrack.co.uk
00u5acfqxf1bdw7vZ0x7,test.user20June2023_07@msn.com
00u3yhk4faEDLAvgr0x7,test.tax01@test.kpmg.com
00u4m2chadiCqOYEr0x7,seniortester35+455@gmail.com
00u4m2dic6KmEeij40x7,fsdfjj@test.com
00u4m2csjaxkZA5LD0x7,seniortester35+443@gmail.com
00u4m2cy5kZakTexy0x7,seniortester35+248@gmail.com
00u77mswzo4tfxKRA0x7,test55@mail.com
00u4m2eea4oOYwWmV0x7,testemail@gmail.com
00u76ehf1cgif9gpX0x7,performancetesting17@glowtrack.co.uk
00u79q4yacenJy0CG0x7,ratest3.ratest3@ratest3.com
00u4m2dcegQWg6qnu0x7,seniortester35+161@gmail.com
00u4m2clqybmm8eUp0x7,testdelegate5886@gmail.com
00u4m2bwmnS5H2T2u0x7,john@test.pcp
00u4m2c40d8bmY0HH0x7,prospectiveclient.ric7@pccp.test
00u4m2cy9dEUhRkf40x7,seniortester35+288@gmail.com
00u4m2dhy95dyGUkJ0x7,prospectiveclient.test1@pccp.test
00u4m2ankud7df5NA0x7,testclientro01@gmail.com
00u4m2adkyWMZF3aW0x7,testContact@gmail.com
00u4m2e11kwRKeXmN0x7,christopherbuchanan81+11-2-test3@gmail.com
00u76epm7qufjXun80x7,perftesting-3@glowtrack.co.uk
00u4m2dfveuT8XcWI0x7,seniortester35+167@gmail.com
00u4m2cxznKQIH0V40x7,seniortester35+395@gmail.com
00u76erdfyJ5TrTov0x7,test-email2@mail.com
00u4m2cfhbJhj1xmQ0x7,seniortester35+delegate1@gmail.com
00u76ej4jiZKuAsRD0x7,performancetesting42@glowtrack.co.uk
00u76efcp3N4tISwV0x7,invalid-role@test.email
00u4m2dv63vQaXxhR0x7,christopherbuchanan81+11-2-test2@gmail.com
00u76ep53inL9zMD00x7,performancetesting98@glowtrack.co.uk
00u51rh3uagKbK4Fn0x7,test@user.com
00u76eqq0chC5ooK60x7,test-email@test.com
00u4m2dhqydVRn9Vf0x7,sad@test.com
00u77muzb5cmOLeI00x7,tester@testemail.com
00u4m2d1yvX9L0vqL0x7,seniortester35+250@gmail.com
00u4m2bvocaPByehe0x7,test1.ds@gmail.com
00u76ep70kp0wnSHN0x7,perftest-4@glowtrack.co.uk
00u4m2dxg71deQRh20x7,christopherbuchanan81+28-2-test1@gmail.com
00u4m2drq5UEJFNHX0x7,christopherbuchanan81+25-2-test1@gmail.com
00u53nx2ksaDLSYQa0x7,ustaxshubhi@test.com
00u4whemj6jVcuKXI0x7,test2@outlook.com
00u526de5oFfVY2qZ0x7,testtest@gmail.com
00u4pzht7w2wwSyMg0x7,test.novdele@pcc.test
00u774bx3wcGwtFno0x7,mrinatest720.mctest@gmail.com
00u4m2dy1vtAn1EcB0x7,erfe@test.com
00u4m2an1qAf8ytJ20x7,testab6@pccp.test
00u4m2dmnvjLExBDF0x7,prospectiveclient.middlename@pccp.test
00u4m2e7qcCIaTRxe0x7,newtpptest3@gmail.com
00u4m2cynk3crazF60x7,seniortester35+435@gmail.com
00u4m2dj9e7R8iawA0x7,automationtester100+admincrm@gmail.com
00u4m2bjfnWI1bcre0x7,testuam6@pccp.test
00u4m2crryTYhe1iD0x7,seniortester35+401@gmail.com
00u4m2cxwjTJV7Rvh0x7,seniortester35+269@gmail.com
00u4m2cuor9QwmW7e0x7,seniortester35+409@gmail.com
00u4m2e6psaJYogPE0x7,45@test.com
00u4m2biztXcvYAZR0x7,test@test.it
00u4m2abzu9xQw70O0x7,testingqa137@gmail.com
00u4m2acktBe6Cr3B0x7,testclient@gmail.com
00u5mavayoYvFy3uN0x7,test3@uam478.com
00u4m2a5npBt71OWE0x7,testmail@gmail.com
00u77msdl6lLT5WfK0x7,test87@email.com
00u4m2crg4sQfDisD0x7,seniortester35+227@gmail.com
00u53532pvNUHBvVh0x7,testappmigration8@gmail.com
00u4m2c7hwD5Z5Gq00x7,automationtester2k20+GG@gmail.com
00u4rzbhdxysT9dMv0x7,prodtest09@gmail.com
00u4m2coh4QVuINNw0x7,seniortester35+571@gmail.com
00u4m2c4nqcTYJWvf0x7,mstest2@example.com
00u4m2bbitErLIBcZ0x7,clientdelegate@pccp.test
00u4m2dnva5XUmWY30x7,automationtester2k20+52l@gmail.com
00u4m2cr8oHV7a3nJ0x7,seniortester35+322@gmail.com
00u753cbdz2SRzT0s0x7,hre-test-1@hre.com
00u77muo9zXsOsJLh0x7,testeremail@mail.com
00u4m2dhwyocjtY0j0x7,opportunityWon@pccp.test
00u4m2b8ilILeo5qg0x7,automationtester2k20+M17Comp@gmail.com
00u76eqoemct8qLy60x7,test-6@glowtrack.co.uk
00u4m2e32zAI0c0Uu0x7,testclienttpp1@gmail.com
00u76ehmmqrAHsnnT0x7,performancetesting22@glowtrack.co.uk
00u76eex5g3F4lDBE0x7,invalid-role@test.com
00u4m2czywFVJKr9U0x7,seniortester35+127@gmail.com
00u4m2ctp7z3NVQPa0x7,seniortester35+178g@gmail.com
00u53t0kwxnqtzYQB0x7,testappmigration12@gmail.com
00u4m2dwv54I7HZNw0x7,ddd@test.com
00u4m2dmeeZrjAO5h0x7,seniortester35+226@gmail.com
00u76eocro509Ce120x7,performancetesting80@glowtrack.co.uk
00u4m2ci5ldDIkmhH0x7,seniortester35+284@gmail.com
00u4m2cciwjjg40il0x7,seniortester35+554@gmail.com
00u5mt17eh2yHunYq0x7,mike.tyson@testuploader.com
00u4m2cv0l8I8loHs0x7,seniortester35+144@gmail.com
00u4m2cmctLl7wkoR0x7,seniortester35+569@gmail.com
00u4m2byw7xO6RgSn0x7,testpro1@pccp.test
00u4m2e81d5yX6o1f0x7,christopherbuchanan81+2-3-test2@email.com
00u4m2d1lkJRVwD6P0x7,seniortester35+262@gmail.com
00u4m2eiv8tIOa6870x7,newtpptest@gmail.com
00u4m2csw0bSyrcoC0x7,seniortester35+319@gmail.com
00u4m2aq3pY9Sd42C0x7,newpartnerrole@test.com
00u4m2ccspIvXKimP0x7,seniortester35+412@gmail.com
00u4m2crvgF0OfYsZ0x7,seniortester35+392@gmail.com
00u5eo2t7qSM0ZCFQ0x7,test.user19July2023_02@msn.com
00u4m2c1dvpCGPbVo0x7,pccpuam5@pccp.test
00u4m2d000eRgjcNw0x7,seniortester35+551@gmail.com
00u4m2dhetF4XJgER0x7,coe2automation@test.com
00u4m2di80doFhGRf0x7,ethan.rictesting.client@outlook.com
00u4m2ee9vDW25Uxr0x7,testdata@gmail.com
00u4m2dfr03iOQFp50x7,prospectiveclient.ric3@pccp.test
00u4m2cthrbxFKfq30x7,seniortester35+264@gmail.com
00u76ep4koU84TILP0x7,perftesting-11@glowtrack.co.uk
00u4m2d5ctaMcDNRl0x7,seniortester35+156@gmail.com
00u76eh1zxhb1cnCI0x7,performancetesting33@glowtrack.co.uk
00u4m2c7fm2vRwz4J0x7,test.ppcp2@gmail.com
00u76eotouE1ftWr60x7,performancetesting87@glowtrack.co.uk
00u4m2c3dtNhD7RgH0x7,werwerw@test.com
00u4m2ddbfU4cOLcs0x7,seniortester35+121@gmail.com
00u4m2c6kjjONBACe0x7,seniortester35+557@gmail.com
00u4m2dkwfFpQy73q0x7,prospectiveclient.ric@pccp.test
00u4m2e0waoOv6ot30x7,testmemberfirm@gmail.com
00u4m2e0bohQLATDB0x7,dfgdfsg@test.com
00u76epeb03t0qyUv0x7,perftest-10@glowtrack.co.uk
00u70319k14H7Bd910x7,stuart1@test.com
00u4m2c16hqpy0DpD0x7,shilpi'test@gmail.com
00u4m2cu4bdRbD0CT0x7,seniortester35+301@gmail.com
00u4m2c45rHYUAL4T0x7,addidas@test.com
00u4m2dmy32uaBLJs0x7,oktatest90@outlook.com
00u4m2cn9yt4O0UHc0x7,seniortester35+445@gmail.com
00u4m2dczoyWV85Sn0x7,manager2automation@test.com
00u5agyuj01p9rmFz0x7,test.user21June2023_04@msn.com
00u4m2e3pm1ENJUWS0x7,a12r@test.com
00u4m2czdxf5SdWKv0x7,seniortester35+354@gmail.com
00u4m2e997MvmId0d0x7,automationtester2k20+clientcontact@gmail.com
00u4m2djoxlDyZu8O0x7,automationtester2k20+2Mobile@gmail.com
00u5i69hfeuFS5uSr0x7,testuamworkflow1@example.com
00u5mswt4bGmGTkTG0x7,test.client@externaldomain.com
00u76eilmfSNcP6hh0x7,performancetesting27@glowtrack.co.uk
00u4m2cgxjUKsV1m80x7,seniortester35+612@gmail.com
00u4m2cmn6C4YfYP00x7,seniortester35+562@gmail.com
00u4m2dettF3FaaYu0x7,seniortester35+216@gmail.com
00u5k23f6ubIbUPY40x7,bots_09.testUser@domai.co.uk
00u4m2aa7cNcIfSwD0x7,testclientcontact@gmail.com
00u4m2c7yyGeKUjvT0x7,seniortester35+578@gmail.com
00u4m2edh4ltWkUgV0x7,454dwewe@test.com
00u4m2cff7To741SK0x7,seniortester35+589@gmail.com
00u4m2akvq6BfRPpw0x7,testmst@gmail.com
00u4m2af9hyuWEWLV0x7,testclientdevas@gmail.com
00u4pzi9eu5VDFOlV0x7,pros@pcp.test
00u4m2cucriICrCNl0x7,seniortester35+179@gmail.com
00u76eqwq1VpqeRYD0x7,test-5@glowtrack.co.uk
00u4m2cm10GwFyC9n0x7,seniortester35+581@gmail.com
00u4m2byukxmXq4vP0x7,testpcc4@gmail.com
00u5msuymmSOd46LD0x7,clienttestcase1@gmail.com
00u4m2d2aq4n0J0pn0x7,seniortester35+416@gmail.com
00u4m2c5jdsirPzh00x7,test615533948@gmail.com
00u4m2cxi6s5BWAEK0x7,seniortester35+274@gmail.com
00u4m2e1zr7afMXKz0x7,kpmgtpaytest2@gmail.com
00u4m2biaz6K5LLY90x7,Test6@pccp.test
00u4m2dbr818GGr7s0x7,prospectiveclient.ric121@pccp.test
00u4m2c6tuuxnff7b0x7,testh@gmail.com
00u4m2d2fbI4GZGN50x7,seniortester35+283@gmail.com
00u4m2d1dnyLg1Zui0x7,seniortester35+120@gmail.com
00u4m2bvsnQdVmBmz0x7,hellotestdel@gmail.com
00u76ep4r3xbkNrrL0x7,perftesting-2@glowtrack.co.uk
00u4m2c1ubH6DnmuB0x7,wew@test.com
00u4m2cyhgUVfSQqk0x7,seniortester35+458@gmail.com
00u4m2egij86uC0WE0x7,newtpptest2@gmail.com
00u4m2dnjfWerOjgw0x7,pcc.intest.4@gmail.com
00u4m2bw3jNNU5pnr0x7,Test37@pccp.test
00u76eh2e639PIucx0x7,performancetesting04@glowtrack.co.uk
00u4m2bzfbqxhADFJ0x7,test@test2.pccp
00u4m2dbsg6AGgUET0x7,seniortester35+171@gmail.com
00u4m2d2cqHMgWwau0x7,seniortester35+442@gmail.com
00u5mssnh0PmFwyOh0x7,tester-sprint6-clientuploader@tesco.co.uk
00u6qi40m8YFxhzvL0x7,pccp9945delegatetest2@gmail.com
00u4m2btcjojLmYrV0x7,randomtest1@pccp.test
00u4m2dc1hDKlVwoT0x7,das@test.com
00u4m2e3nuDs101a30x7,Advisory1@test.com
00u4m2d2aeRgLHKOC0x7,seniortester35+135@gmail.com
00u53nx7fdLPr3zdc0x7,newClientAuto511@test.com
00u4m2d6h0s1p7p6k0x7,seniortester35+211@gmail.com
00u5a78ejhmrKw4Ff0x7,kanchana.devctctest@gmail.com
00u4m2ah4efM9qlG50x7,testClientContact2@gmail.com
00u52n7ifp6wJaSJn0x7,tarikatest1@gmail.com
00u4m2abcbyjcsx600x7,Mrtest514@gmail.com
00u4m2e6y4NDNjXHh0x7,prodisssuetest@gmail.com
00u5217z9pc5qBEs00x7,testuser1@gmail.com
00u77mv240sUuvaRl0x7,testnewclient@m.com
00u4m2ei0xMdtgXMP0x7,octatesting1@gmail.com
00u4m2c7feNoem0H60x7,himadel@test.com
00u4m2cy64jXwD8I80x7,seniortester35+101@gmail.com
00u4m2d1x93WUamTR0x7,seniortester35+193@gmail.com
00u4m2ci28d0nqNub0x7,seniortester35+531@gmail.com
00u4m2ci3yd3sujbk0x7,seniortester35+436@gmail.com
00u4m2dnfyfQVQ6Ai0x7,asd@test.com
00u4m2d3lb7XnU8K00x7,seniortester35+234@gmail.com
00u4m2d7y7r6kUlAX0x7,seniortester35+124@gmail.com
00u4m2czqfah2lzrx0x7,seniortester35+254@gmail.com
00u4m2c7qcQapgLgF0x7,seniortester35+603@gmail.com
00u4m2cfhlb6ZIwcl0x7,seniortester35+618@gmail.com
00u4m2cj2lcj7fwsD0x7,test.test@test.com
00u53nxm8ilcBCufy0x7,testclient1delegate1@pccp.com
00u4m2dfpxd7oUXHX0x7,seniortester35+148@gmail.com
00u4m2cz4yIiLVegX0x7,seniortester35+245@gmail.com
00u4m2cr52QkqpzJo0x7,seniortester35+360@gmail.com
00u53cv2h4ERc4GTg0x7,test_user_12char@external.com
00u4m2cxfzY983FDk0x7,seniortester35+406@gmail.com
00u53silvhz2wRkZE0x7,testappmigration11@gmail.com
00u76el0tfc5WzoQm0x7,performancetesting49@glowtrack.co.uk
00u4m2dm5uBHTQq8h0x7,dsfdg@test.com
00u547gqtvgwQsfDv0x7,testappmigration14@gmail.com
00u76ems9bvkTgA1h0x7,performancetesting61@glowtrack.co.uk
00u4m2djohBWeViVk0x7,asdas2@test.com
00u4m2dg5s6wkfa8k0x7,nizzasamuel+test1@gmail.com
00u76eh1dzXNQF6p30x7,performancetesting00@glowtrack.co.uk
00u4m2chy4RvruHUw0x7,seniortester35+553@gmail.com
00u4m2cv9zrx3VQY20x7,prospectiveclient.ric11@pccp.test
00u4m2cimlbg9XyrQ0x7,seniortester35+492@gmail.com
00u4m2c6gpAf9rHxD0x7,seniortester35+574@gmail.com
00u4m2dozlVbUowEi0x7,automationtester2k20+4748@gmail.com
00u4m8vfxeI2k5MxW0x7,johntest@gmail.com
00u4m2c6agmpbfYR90x7,seniortester35+600@gmail.com
00u76ekjqtk1kqxwx0x7,performancetesting69@glowtrack.co.uk
00u77ms5x0GIHdemB0x7,test3@mail.com
00u53ntvfgNxqSw3S0x7,newClientAuto1536@test.com
00u4m2b89j2o8UnDq0x7,Test1Test@pccp.test
00u5k1o7egSZPFdUl0x7,bots_02.testUser@domai.co.uk
00u4m2byfraHHsojU0x7,test1@pccp.co.uk
00u5rq9oyihVEM56c0x7,testy.mctest@notreallyadomainomgwtfbbq.com
00u76ekjpctf3s93o0x7,performancetesting68@glowtrack.co.uk
00u53ng81hz1uarls0x7,test01@gmail.com
00u4m2ciqqMls1VpK0x7,seniortester35+565@gmail.com
00u4m2akz7C0aKpM40x7,shilpistesting4@gmail.com
00u4m2cjrd0a2hH6n0x7,seniortester35+471@gmail.com
00u4m2cdfc2FmrHQF0x7,seniortester35+576@gmail.com
00u4m2csf3qJYUsw10x7,seniortester35+470@gmail.com
00u4m2ce2f7F4OKuZ0x7,seniortester35+620@gmail.com
00u76ep5g3xunRm9G0x7,perftest-5@glowtrack.co.uk
00u4m2d3n6JD04Ov20x7,seniortester35+231@gmail.com
00u4m2e6fq9RviBLv0x7,AutomationTester9@pccp.test
00u4m2clv97zib3T10x7,seniortester35+570@gmail.com
00u76eoonlYE9fyhg0x7,performancetesting86@glowtrack.co.uk
00u4m2deu13LSlMuF0x7,seniortester35+251@gmail.com
00u4m2d4mwtnvKihy0x7,seniortester35+451@gmail.com
00u4m2efxfgFdlrpt0x7,kevintpconnecttest@outlook.com
00u4m2c44aGLQe1ok0x7,jesni@test.com
00u4m2cutpA0NWQ510x7,seniortester35+348@gmail.com
00u4m2c7hoERHn7Qg0x7,testsomething@test.com
00u4m2djnwqybJyuM0x7,automationtester2k20+2MobileBugFIx@gmail.com
00u4m2c1c13PWeIOO0x7,clientlocal5@pccp.test
00u58fjilqtZoU2in0x7,automationtester2k20+DEG3@gmail100.com
00u4m2d7wp7ez2FjR0x7,seniortester35+224@gmail.com
00u6fziz9sBScpGFe0x7,testctcsaga02@gmail.com
00u4m2cxarrl5WtBI0x7,seniortester35+205@gmail.com
00u4m2cyjg1RB6plb0x7,seniortester35+449@gmail.com
00u4m2cmngZ5H4Bfa0x7,seniortester35+delegate2@gmail.com
00u4m2cgw19cBeGlV0x7,test112233@gmail.com
00u4m2d4wy6wPjLSD0x7,seniortester35+371@gmail.com
00u4m2dmeuwNM9rqz0x7,seniortester35+118@gmail.com
00u76eh6rgtCY9K100x7,performancetesting05@glowtrack.co.uk
00u4m2aq03oiXMiEv0x7,testuam7@pccp.test
00u4m2crxaegHaHha0x7,seniortester35+338@gmail.com
00u4m2d2jtVn1c2660x7,seniortester35+378@gmail.com
00u4m2d454H1gWDBt0x7,seniortester35+273@gmail.com
00u51xmyzctuAZhSZ0x7,testuser.24Jan2023_05@outlook.com
00u4m2anwgvk7KxnD0x7,mitchkpmgtest@yahoo.com
00u4m2apyhDHRJvk00x7,uamtest4@pccp.co.uk
00u76ek1q2hmDpvzX0x7,performancetesting57@glowtrack.co.uk
00u76em6rfycnA9MX0x7,performancetesting56@glowtrack.co.uk
00u76ep4p1cFtYvxy0x7,perftest-9@glowtrack.co.uk
00u4m2cujrzoM3r9d0x7,seniortester35+10@gmail.com
00u4m2d2m67jt5jHc0x7,seniortester35+402@gmail.com
00u4m2cjkjkl93B890x7,seniortester35+512@gmail.com
00u4m8volgXKIEAtA0x7,tpampintegrationtest@gmail.com
00u4m2c2ynXYem3qC0x7,test@impersonate.com
00u76ekjg3Tck3iOR0x7,performancetesting60@glowtrack.co.uk
00u4m2c728GEdFd5G0x7,seniortester35+591@gmail.com
00u4m2dg05PR9MvNQ0x7,seniortester35+126@gmail.com
00u4m2bijwVi80Wqn0x7,testuam3@pccp.test
00u5xn4hi2uyJtMZZ0x7,yukitrusteetesttt@gmail.com
00u4m2e2jwYDDoI8b0x7,5679test@gmail.com
00u4m2d7sukazm9kM0x7,seniortester35+256@gmail.com
00u77mtxy4QcWbIBO0x7,testeywesty@gmail.com
00u76eoqajg43lSId0x7,performancetesting93@glowtrack.co.uk
00u4m2dnk8Dl2DWbE0x7,pcc.inttest.1+12@gmail.com
00u4m2efwl8EWBfAr0x7,testfirm@gmail.com
00u4m2cp0ahHzThEe0x7,seniortester35+377@gmail.com
00u4m2dv6uxW0ZNOn0x7,automationtester2k20+w@gmail.com
00u4m2d3yeBrGEYhB0x7,seniortester35+438@gmail.com
00u6qi40m3m7iJwAU0x7,pccp9945clientdelegatetest@gmail.com
00u4m2dkr3BEPGYne0x7,automationtester2k20+4925@gmail.com
00u58ugdyaIsNJRdb0x7,demo2@test893202.com
00u76ejeeqWTTAwha0x7,performancetesting28@glowtrack.co.uk
00u4m2bazj1xuVprb0x7,test.ric6678@pccp.com
00u79q52ngNx0H43d0x7,teststststs@gmail.com
00u4m2a5tdX5gDCFP0x7,katie.b.gcmstest@gmail.com
00u4m2e5d1yahZVPB0x7,transferpricingclient@test.com
00u4m2dyw6U6J5MXD0x7,jjhjh@test7.com
00u4m2dcwsmgvqj5e0x7,automationtester2k20+44@gmail.com
00u4m2ctrv6XqEf2i0x7,seniortester35+396@gmail.com
00u4m2bw2zRdwXlcM0x7,trustee2@pccp.test
00u4m2ddurWYhuso30x7,mobile@test.com
00u4yupywyAFcuARR0x7,testoktatp@gmail.com
00u4m2btah9MFxfiz0x7,pccpuam6@pccp.test
00u76ephjfj66G5Vs0x7,perftesting-9@glowtrack.co.uk
00u4m2c193zWEqAdv0x7,jimmy@test.inv
00u51xmsrcN9CSlRf0x7,testuser.24Jan2023_04@outlook.com
00u73omne8VdbQH5K0x7,test.welcomeemail@gmail.com
00u581eiirbJppdY40x7,test@tezst4.com
00u4m2curgleFaOFr0x7,seniortester35+407@gmail.com
00u4m2dysaLH4WUCF0x7,ishitagupta.test@gmail.com
00u4m2d8a7u2tBDsp0x7,sadasd@test.com
00u79q4ykfdJPZBRl0x7,testtwo3455@gmail.com
00u4m2duj44LsxsS10x7,arch@test.com
00u4m2d89rKlVeoBQ0x7,rt@test.com
00u4m2de1vVgy7IPi0x7,seniortester35+11@gmail.com
00u4m2byvqDulw6VW0x7,testing@rediff.com
00u4sgvjka0AY33Sq0x7,mitchdummcorptest@yahoo.com
00u4m2e13diMtLLTX0x7,automationtester2k20+S4833@gmail.com
00u4m2e7mtIL5sR750x7,andyworstencroft+test2@gmail.com
00u4m2d0mtqAnIKTX0x7,seniortester35+105@gmail.com
00u4m2cl8aFOdiH6m0x7,seniortester35+525@gmail.com
00u4m2cnhxgr0ANPo0x7,seniortester35+399@gmail.com
00u4m2e2d5YW5AEOx0x7,AutomationTester5@pccp.test
00u4m2bycxytMgLTO0x7,tinakgstest@gmail.com
00u76emft2YJNET4s0x7,performancetesting59@glowtrack.co.uk
00u4m2bjkmb1c4bI20x7,testclient1@pccp1.test
00u4m2d4gxzCtcKne0x7,seniortester35+160@gmail.com
00u76ejhe9m83huIZ0x7,performancetesting39@glowtrack.co.uk
00u4m2cfvjG9gLmLg0x7,seniortester35+418@gmail.com
00u79q546uFlitGN10x7,robtest2.robtest2@robtest2.com
00u4m2djiqZhwTHHy0x7,asdadfgfdsd@test.com
00u5575ltaaf5dYkS0x7,automationtester2k20+EmailDelegate@gmail10.com
00u4m2cn0sIw0aYSv0x7,seniortester35+584@gmail.com
00u4m2d4saXehIIRB0x7,seniortester35+356@gmail.com
00u5msvj43pCQ5dW00x7,test@external.com
00u4m2bbf25TMj0xz0x7,tesasdt@test.com
00u76ehmhnuOO0Lxo0x7,performancetesting18@glowtrack.co.uk
00u76eh1loWwf4ITv0x7,performancetesting09@glowtrack.co.uk
00u4m2d6upb4GdBvg0x7,seniortester35+166@gmail.com
00u53ntv929rgghLa0x7,endkkkk16862test@outlook.com
00u4m2d05dJ7MCgil0x7,seniortester35+286@gmail.com
00u4m2c3tiNSPp6GR0x7,shubhidevtaxperson@test.com
00u76eimdpGK9vFXl0x7,performancetesting46@glowtrack.co.uk
00u4m2cclezAhHo240x7,seniortester35+514@gmail.com
00u4m2ci2g773gS0n0x7,seniortester35+532@gmail.com
00u4m2djhsINUJbAf0x7,prospectiveclient.ric91@pccp.test
00u4m2btcaNP95R8o0x7,testtabs@pccpcst.com
00u4m2cyw10wdcUoM0x7,seniortester35+357@gmail.com
00u4m2c1ycW2OJBMX0x7,testauto379004773@gmail.com
00u4m2c5uhn6mlwTG0x7,seniortester35+466@gmail.com
00u4m2e26rVGgB7FF0x7,dsdsasda@test.com
00u4m2d2o7EuUaR6l0x7,seniortester35+321@gmail.com
00u4m2dewxcqvubbY0x7,sdf@test.cok
00u4m2cuufT2Ff7wK0x7,seniortester35+400@gmail.com
00u4m2crpatMff3AK0x7,seniortester35+263@gmail.com
00u4m2dgzmd5Cn5EZ0x7,seniortester35+195@gmail.com
00u4m2cfnspdSKYMi0x7,seniortester35+587@gmail.com
00u4m2aeqm6PEmpGh0x7,testclientir02@gmail.com
00u4m2ckravlzPKDB0x7,seniortester35+500@gmail.com
00u4m2e1cgZrmzyOn0x7,tpptestclient13@gmail.com
00u4m2cx5aknSNnps0x7,seniortester35+385@gmail.com
00u4m2civpk6v7ZzJ0x7,seniortester35+535@gmail.com
00u4m2dg4qDZXWVd80x7,mrudula1207+test67@gmail.com
00u4m2di18w3nHfUo0x7,cst2automation@test.com
00u4m2d3urbD91lkK0x7,seniortester35+477@gmail.com
00u4m2d00936uavLy0x7,seniortester35+549@gmail.com
00u4m2d04bE9gdln30x7,seniortester35+529@gmail.com
00u76eivpkodFp6Vz0x7,performancetesting23@glowtrack.co.uk
00u4m2bz97t8q99jL0x7,trustee233@pccp.test
00u4w9x57xYmGQ3t30x7,piyu.test@outlook.commmm
00u4m2d0ph3GmRrSM0x7,seniortester35+292@gmail.com
00u4m2d28x8La3jHD0x7,seniortester35+186@gmail.com
00u4m2cc2qsIGgdll0x7,test6817@outlook.com
00u4m2didw6of4dFP0x7,gayle.rictesting.client@outlook.com
00u56r1n3cIM9ZSll0x7,automationtester2k20+EmailDelegate@gmail20.com
00u4m2d67uqkk9N3b0x7,seniortester35+176@gmail.com
00u4m2cew83947XsB0x7,seniortester35+539@gmail.com
00u4m2a9dyay012ep0x7,testClientReproduce@gmail.com
00u4m2d3zrWWbzVSu0x7,seniortester35+279@gmail.com
00u4m2d4n9h88bmoI0x7,seniortester35+462@gmail.com
00u4m2c1t4MUKb5hz0x7,vsk.pccptestclient1@gmail.com
00u4m2cuqy1L9dYqt0x7,seniortester35+277@gmail.com
00u4m2cn9ncQhDOdL0x7,seniortester35+437@gmail.com
00u77y5yqeCiCmhNl0x7,testuser@gmail.com
00u77mthm0B99n39i0x7,test@fake.com
00u4m2a7xxmi2WIRy0x7,test2@gmail.com
00u4m2civy66rwmK30x7,seniortester35+423@gmail.com
00u4m2d12qSnO7Dq80x7,seniortester35+140@gmail.com
00u4m2dsff8pTeFDy0x7,fsd@test.com
00u76erdhrMb3R8Y40x7,test-4@glowtrack.co.uk
00u4m2a23hSEOFglY0x7,test3@gmail.com
00u4m2e2cxChAODHJ0x7,christopherbuchanan81+2-6-int-test-1@gmail.com
00u76eot79FNuJfrT0x7,perftest-3@glowtrack.co.uk
00u4m2duz6qThydws0x7,erwe@test.com
00u4m2cx10AnUe8TG0x7,seniortester35+411@gmail.com
00u76eoqv2Brfyz7e0x7,performancetesting91@glowtrack.co.uk
00u4m2dixiGaprcOm0x7,rachel.rictesting.client@outlook.com
00u77mvcbxWKCjGjL0x7,testuser33@mail.com
00u4m2dnsrq4GAYne0x7,kanye@test.com
00u51rh4x5gjibI7l0x7,test3@email.com
00u4m2e7fy5JLJTnP0x7,christopherbuchanan81+2-3-test1@email.com
00u4m2dz3sBit8HOu0x7,automationtester2k20+ClientDelegate@gmail.com
00u4m2c4rt7tyH0mW0x7,ui@test.com
00u4m2ckol12LBVAu0x7,seniortester35+590@gmail.com
00u51kse4e518NSzo0x7,testrfi@outlook.com
00u76eopzhfxNdWnR0x7,performancetesting78@glowtrack.co.uk
00u4m2ci62Dy94ERZ0x7,seniortester35+447@gmail.com
00u4m2c661nw4Ya9I0x7,testuatopp@gmail.com
00u4m2d3j7itZ4bUF0x7,seniortester35+174d@gmail.com
00u76eje9n729pwma0x7,performancetesting24@glowtrack.co.uk
00u5347l2s3i9LDyh0x7,testappmigration4@gmail.com
00u4m2dllvLcBQ3LO0x7,sasdsd@test.com
00u4m2c1z2bwhtXE10x7,test@hh.xxk
00u51rin5hwtatCMS0x7,testinsights008@gmail.com
00u4m29wn3vZOr3K00x7,testclientrp01@gmail.com
00u4m2dyxjilB98Qu0x7,kanchanatest1234@gmail.com
00u4m2bhewdtYeFxV0x7,mindis.test@gmail.com
00u71d2r31e01C1k80x7,test.okta2@gmail.com
00u4m2e4ewtKMhw770x7,automationtester2k20+dM9@gmail.com
00u4m2cz12QkNeR3h0x7,seniortester35+342@gmail.com
00u4m2d0oht2LvjK90x7,seniortester35+290@gmail.com
00u6ptvugsYBAapdN0x7,testoktaemail@gmail.com
00u4m2anx2JVQMOsL0x7,testingqa@gmail.com
00u51y203mOKk03370x7,testoktaworkflow1@gmail.com
00u4m2cfn1xZH5vjE0x7,seniortester35+545@gmail.com
00u4m2d2k2SG8f9O20x7,seniortester35+302@gmail.com
00u77mta2jOMNcd7F0x7,test@emailtest.com
00u4m2cru3NdxLNQ20x7,seniortester35+317@gmail.com
00u4m2bvqyj3nRNfr0x7,test@pccp.co.uk
00u4m2dng6RbCp5Au0x7,asads565dsad@test.com
00u4m2c6dlqE8LadK0x7,tr@test.com
00u71dcm8d1JPSJxb0x7,test.okta3@gmail.com
00u774dg2yv7inN6w0x7,mrinatest720@gmail.com
00u4m2ckxm3bXEV5U0x7,seniortester35+573@gmail.com
00u4m2c7bnQ5SEKcF0x7,seniortester35+490@gmail.com
00u4m2c7ijiEyYRx80x7,test_Ric@pccp.com
00u4m2aktt01fPcfD0x7,testprod1@gmail.com
00u76eji11rvxqT8k0x7,performancetesting47@glowtrack.co.uk
00u4m2cxzv9pTfM9A0x7,seniortester35+330@gmail.com
00u4m2dhzeHYZAURW0x7,seniortester35+110@gmail.com
00u54bh8v5le8MAoN0x7,testappmigration16@gmail.com
00u4m2dej3qGGb9YE0x7,kpmg.isla+test@gmail.com
00u4m2c5k8pB8VuoS0x7,test@mangerkpmg.com
00u4m2ccxp9fqwKCN0x7,12312361235123@test.com
00u4m2e6nlRtrNEhZ0x7,advisory3@test.com
00u4m2cz41B7X9uFX0x7,seniortester35+194@gmail.com
00u76eor49zxhOtEZ0x7,performancetesting71@glowtrack.co.uk
00u4m2ds8n0G6FDA50x7,fgfdg@test.com
00u4m2bwsqg2ZmtnC0x7,pccptestdelegate1@pccp.test
00u5msvjqmHCsRR4B0x7,testjy@gmail.com
00u4m2byecMTrE4uI0x7,t@test.com
00u4m2c6a82smcz2C0x7,seniortester35+601@gmail.com
00u4m2crxyERjHf290x7,seniortester35+235@gmail.com
00u76eihcaI6Jc3Jq0x7,performancetesting43@glowtrack.co.uk
00u4m2dl3lCzgrOZT0x7,seniortester35+108@gmail.com
00u4m2cl9qyxnzUYV0x7,seniortester35+528@gmail.com
00u76ep4t42syLo5C0x7,perftesting-8@glowtrack.co.uk
00u4m2cm84G2FMdxj0x7,seniortester35+614@gmail.com
00u4m2ceru5KhFzdz0x7,seniortester35+613@gmail.com
00u4m2ccqh8oSig5e0x7,seniortester35+473@gmail.com
00u4m2d1yesA0XgK60x7,seniortester35+339@gmail.com
00u4m2d5av8hIxg8O0x7,seniortester35+165@gmail.com
00u76ekxijxj8wrY50x7,performancetesting66@glowtrack.co.uk
00u76ep4eoLznahMx0x7,performancetesting97@glowtrack.co.uk
00u4m2c75fYaOpx000x7,seniortester35+575@gmail.com
00u4m2dfoxzPWOCTF0x7,seniortester35+12@gmail.com
00u4m2dwyvekG9msZ0x7,a11ad99sdsad@test.com
00u4m2cndfSNlaY1I0x7,seniortester35+398@gmail.com
00u4m2bx3pLYiuxAK0x7,test.ric87@pccp.com
00u5dq13akHFCPiP30x7,pccp9063test1@gmail.com
00u4m2cinaFnDL7P20x7,seniortester35+550@gmail.com
00u4m2acpxSvzLNBM0x7,Mytest@gmail.com
00u4m2ccdv3ApRV3n0x7,sprintM66@test.com
00u4m2cjh6PEbjwYs0x7,seniortester35+572@gmail.com
00u4m2dzcu3GfIhHA0x7,automationtester2k20+Delegate@gmail.com
00u4m2achtM90G6Mm0x7,testgcmsg@gmail.com
00u4m2e2fjcJ4SBmj0x7,christopherbuchanan81+29-5-int-test-6@gmail.com
00u4m2dmqgb3bVq5Q0x7,seniortester35+114@gmail.com
00u4m2cubu47Khzfd0x7,seniortester35+333@gmail.com
00u4m2bwhlF9pcfIW0x7,testpro@pccp.test
00u4m2ceynpOyjmrk0x7,seniortester35+481@gmail.com
00u4shf201MCXR4UX0x7,sunilkumarctctest01@gmail.com
00u4m2c6fskP2q4hK0x7,seniortester35+623@gmail.com
00u77mrj0bOhfzPzB0x7,test1Ra.test1Ra@test1Ra.com
00u4m2dh2dC17BpSh0x7,seniortester35+152@gmail.com
00u4m2e6yxaOnSiH50x7,transferpricingtest@gmail.com
00u50nc1w1YjTTmcP0x7,Sai.Karthik@test.com
00u76ep3i627EO2YP0x7,performancetesting99@glowtrack.co.uk
00u4m2d48zUmOq8qx0x7,seniortester35+340@gmail.com
00u4m2czw2fFcSQDV0x7,prospectiveclient.ric2@pccp.test
00u4aova6rR2WlXQ50x7,testoktagroup@outlook.com
00u4m2dv2dRHoatc10x7,automationtester2k20+AGT@gmail.com
00u4m2aa5oHH5hnMh0x7,testcc@gmail.com
00u4m2e4dpETjyA1H0x7,automation_taxpersonenrolment001@test.com
00u4m2cm1m7znJNvM0x7,seniortester35+480@gmail.com
00u4m2bighsxPjuxf0x7,mstest8@test.pccp.com
00u4m2bcefr5vhMxs0x7,testMe@pccp.co.uk
00u4m2di37co18P3a0x7,kgr-clientapprover@test.com
00u4m2d8ag1BnM6GP0x7,seniortester35+169@gmail.com
00u4m2cmnl7E68dWt0x7,seniortester35+delegate5@gmail.com
00u4m2d0zmASHRnqg0x7,seniortester35+312@gmail.com
00u4m2d4wqVr5BD770x7,seniortester35+347@gmail.com
00u4m2dhe5x1kBdJE0x7,prospectiveclient.ricSapna@pccp.test
00u4m2e0jhgzkiFWL0x7,automationtester2k20+A4@gmail.com
00u4m2a1zwxL9M9oC0x7,testclientcontact1@gmail.com
00u7cyhvnyKAKXm280x7,kpmg.hemnaath.test2@outlook.com
00u4m2ccbs93sInqs0x7,seniortester35+615@gmail.com
00u4m2cdl8ot8SlUm0x7,seniortester35+488@gmail.com
00u4m2cur8qnwyV3j0x7,seniortester35+404@gmail.com
00u76el1jykrq6HYc0x7,performancetesting64@glowtrack.co.uk
00u4m2den59krqnBj0x7,dsafsdf@test.com
00u76ephh9GDYXHCN0x7,perftesting-7@glowtrack.co.uk
00u5mt2xqnu7DGU960x7,test1.meghna@gmail.com
00u4m2d1o01b8WOBL0x7,seniortester35+361@gmail.com
00u4m2d021l93lUbz0x7,seniortester35+520@gmail.com
00u4m2bbgovL34GQw0x7,test2123213312@test.com
00u4m2diahP8xHNs90x7,kanchanatest123@gmail.com
00u5acj14r22MxbXC0x7,test.user20June2023_06@msn.com
00u4m2cgxatoueA9B0x7,seniortester35+622@gmail.com
00u4m2d6a3velAZVA0x7,seniortester35+337@gmail.com
00u4m2dre8ZpV2tIe0x7,london@london.test
00u4m2c4hfaw4TNFj0x7,pccpuam12update@pccp.test
00u4m2dy63tBz7T090x7,automationtester2k20+A2@gmail.com
00u4m2cyzvkMRJCnH0x7,seniortester35+343@gmail.com
00u4m2dcgsHzW9yFg0x7,seniortester35+117@gmail.com
00u4m2ebbv4bnmW1f0x7,christopherbuchanan81+18-2-test3@gmail.com
00u4m2dcjoQj2NRFB0x7,seniortester35+128@gmail.com
00u4m2d19zIxetUNx0x7,seniortester35+225@gmail.com
00u4m2d8d405pV2m30x7,seniortester35+115@gmail.com
00u4m2ce6v8ip3UfK0x7,seniortester35+540@gmail.com
00u4m2cmxwRiGMSmW0x7,test100@100.net
00u4m2c6ofkmSgbm10x7,AutomationTester6@pccp.test
00u54j5k82UCaSHPY0x7,test@llg.com
00u76emg8vMdWmYUo0x7,performancetesting73@glowtrack.co.uk
00u4m2bwoy3zFOgIr0x7,test_099@test.com
00u4m2cfh2yEF1cmx0x7,seniortester35+498@gmail.com
00u4m2dr0tWnWMCg50x7,pcp6865@pccp.test
00u4m2cyz3XHGFBVN0x7,seniortester35+388@gmail.com
00u4m2chv5Nq2A33o0x7,seniortester35+494@gmail.com
00u59fs3ubEY62u3T0x7,kgr-testuam-2023-06-13_13-02-26@kgr-uam-local.com
00u4m2a829lxczD5E0x7,testabc@gmail.com
00u4m2a9bc29t6jOy0x7,test-information@gmail.com
00u52frfq2Qj6spbH0x7,testhistory@outlook.com
00u4m2dodyosA5yKw0x7,asad434sdsad@test.com
00u4m2d5753TCdUGD0x7,seniortester35+163@gmail.com
00u4m2cu18Y9dyExU0x7,seniortester35+430@gmail.com
00u4m2byqeAjxNJlc0x7,end6862test@outlook.com
00u4m2d7yi3HAJ2Xg0x7,seniortester35+119@gmail.com
00u4m2ebbiuhw7kjN0x7,automationtester2k20+NewAdvisory@gmail.com
00u4m2c7dhVHGbVZl0x7,seniortester35+555@gmail.com
00u4m2biloDQtl30K0x7,himanstest@gmail.com
00u53nxb98u1NWrns0x7,newClientAuto1142@test.com
00u5o9oejagW8N1mC0x7,test4@uam478.com
00u4m2d3i77ff2FK50x7,seniortester35+308@gmail.com
00u4m2e0yewiPHUMJ0x7,testingtpp22@gmail.com
00u76ehmkjNuOWlkl0x7,performancetesting15@glowtrack.co.uk
00u4m2du5fplKiyIr0x7,seniortester35+116@gmail.com
00u4m2czhqATyD77N0x7,seniortester35+397@gmail.com
00u4m2coq93B9MKrc0x7,seniortester35+457@gmail.com
00u4m2cus5xMOPZQb0x7,seniortester35+259@gmail.com
00u4m2d85wWzRdCVR0x7,seniortester35+180@gmail.com
00u4m2byxeHc5YOgI0x7,william.rictesting.client@outlook.com
00u76eorr9tL2U7mC0x7,performancetesting84@glowtrack.co.uk
00u4m2cf5lRvMSOCg0x7,tttt@test.com
00u4m2cms1LqAJw910x7,seniortester35+460@gmail.com
00u4m2chgnvWDzVj70x7,seniortester35+606@gmail.com
00u58uv48gcazxHdf0x7,testt123@gmail.com
00u51rh7tiHlRivfR0x7,test1@user.com
00u4m2b867W3D6iqI0x7,testpro@gmail.com
00u4m2cyrnwdHZRw70x7,seniortester35+366@gmail.com
00u4m2dedfivSCO270x7,manager-automation@test.com
00u4m2ciz5MaFC1tD0x7,seniortester35+379@gmail.com
00u4m2cu7yG8JveZx0x7,seniortester35+297@gmail.com
00u76eesmv3IWcPVl0x7,frontendaddtest1.frontendaddtest1@frontendaddtest1.com
00u76egxc09qT0bD70x7,performancetesting20@glowtrack.co.uk
00u4m2c482nMzvUH60x7,vsk.pccptestclient7@gmail.com
00u5209wm3wqVuTDQ0x7,jr@test.com
00u4m2bbc2EdlL9v10x7,trustee3@pccp.test
00u4m2d2skJoMPeZs0x7,seniortester35+230@gmail.com
00u4m2efz4CVTHXNF0x7,automationtester5005@gmail.com
00u4m2e3insoTvWFA0x7,bbba@test.com
00u534d2jup8JNFHq0x7,testappmigration5@gmail.com
00u4m2c2vheBHRshN0x7,testrandomuam1@pccp.test
00u4m2dfpfiZSbHEm0x7,seniortester35+22@gmail.com
00u4m2dh9vD9ATzwH0x7,pcctest46@gmail.com
00u53nx12tzVwQD9n0x7,newClientAuto1827@test.com
00u4m2dgyypx26N9U0x7,seniortester35+217@gmail.com
00u4m2d58zVlHVsOG0x7,seniortester35+294@gmail.com
00u4m2d018aTK8Qod0x7,seph.rictesting.client@outlook.com
00u4m2d196fnzPIdE0x7,seniortester35+21@gmail.com
00u5ss2s8aY4B43f70x7,test.Contact1@gmail.com
00u4m2de1gqv0y4kG0x7,seniortester35+113@gmail.com
00u4m2df1yaBspjn00x7,seniortester35+130@gmail.com
00u79q52jciemtouR0x7,robtest3.robtest3@robtest3.com
00u4m2e4yzQL5cISM0x7,automationtester2k20+5023Delegate@gmail.com
00u4m2d7v0y6SZVVn0x7,seniortester35+189@gmail.com
00u79q50nyJVMIPi20x7,ratest1.ratest1@ratest1.com
00u4m2cu6s3MpM9Cm0x7,seniortester35+325@gmail.com
00u563vjxmZvDdTzu0x7,6215d2da-3eda-4701-b7a9-a78bc0471396@uam-cypress-tests.kpmg
00u53q3jseZHu5Zix0x7,testappmigration10@gmail.com
00u4m2czy78JgoHe80x7,seniortester35+147@gmail.com
00u4m2ce9nlmxjCR50x7,seniortester35+482@gmail.com
00u76eje6hEmLqm730x7,performancetesting21@glowtrack.co.uk
00u55hq1x2d1XoJY30x7,testtdae@gmail.com
00u4m2cxw337ONTXS0x7,seniortester35+271@gmail.com
00u4m2d2i6lk6lbuW0x7,seniortester35+204@gmail.com
00u4m2d1xhdSJ0Ykz0x7,seniortester35+192@gmail.com
00u4m2cxxzXhQQrIu0x7,seniortester35+369@gmail.com
00u4m2d4ssW4nJjVc0x7,seniortester35+260@gmail.com
00u4m2dwr7U4o8Epc0x7,christopherbuchanan81+14-2-test1@gmail.com
00u53nx2tfrmBEKUt0x7,Test36@pccp.test
00u79q4jslixyDN540x7,gwt-test-new-user@maildrop.cc
00u4m2dd87xSw2Cy00x7,seniortester35+107@gmail.com
00u53nrnbmqWbqRi40x7,mrtest@gmail.com
00u58kptlv7fi0GHx0x7,testoktarandd@gmail.com
00u77muqukO674gtm0x7,testemail@mm.com
00u4m2edi96XYEDhn0x7,test@gmial.com
00u4w6lrkkrame48k0x7,test1@outlook.com
00u71iu8v0jMt5lxS0x7,testsek@test.com
00u76edwenAiXBfvW0x7,StartupTest2@startuptest2.com
00u4m2cskzGBYLW210x7,seniortester35+408@gmail.com
00u4m2ci4rwZA1kRa0x7,seniortester35+469@gmail.com
00u76eocpacYzDcol0x7,performancetesting70@glowtrack.co.uk
00u4m2cx1lA1kCZtu0x7,seniortester35+433@gmail.com
00u77mr3sihRRrZ050x7,test123456@testing.com
00u5mt0ts9wHVryOK0x7,automationtestuser1@gmail.com
00u583zjid9s3nuZu0x7,test2023@pccp.test
00u4m2d47txOxer9q0x7,seniortester35+331@gmail.com
00u76ehf1xHUznDYi0x7,performancetesting19@glowtrack.co.uk
00u79q4wlrX8pqsB10x7,robtest6.robtest6@robtest6.com
00u76ep477MeFxFHD0x7,performancetesting89@glowtrack.co.uk
00u53nxfe169SDD1D0x7,test7462@test.com
00u5k1olshkWmgXeq0x7,bots_03.testUser@domai.co.uk
00u5gmu68qGKRkrgx0x7,pccp9448PhoneNumbertest@gmail.com
00u4m2cn2rULrrXgh0x7,shilpi'test'test@test.com
00u4m2c1tiwfwzOnV0x7,testprospective1@pccp.test
00u79q50q11WYGmJ60x7,robtest4.robtest4@robtest4.com
00u4m2bjvausIWPpA0x7,randomtest2@pccp.test
00u546f3ttES3Rctp0x7,testappmigration13@gmail.com
00u56sku7zZo2kMDY0x7,delegateclienttestemail@gmail.com
00u4m2corxtXxQmgf0x7,seniortester35+476@gmail.com
00u4xngmva2lk1IMx0x7,c.test.sweeney@gmail.com
00u4m2csheOdzrfmz0x7,seniortester35+422@gmail.com
00u4m2cm7r06SnXSS0x7,test683964026@gmail.com
00u4m2efx2dijLUOZ0x7,tpptestclient12@gmail.com
00u4m2ctmihT5vklE0x7,seniortester35+373@gmail.com
00u4m29ws9Y7DtQEA0x7,defectretest@gmail.com
00u77mq1drgxhHKEx0x7,test.approver@kpmgglowtrack.com
00u5352xs6XIUp5pl0x7,testappmigration7@gmail.com
00u5dbix1uQP6GaBg0x7,production1@pccp.test
00u4m2e52hf4SSGEb0x7,aj.dollar213+test1@gmail.com
00u4m2clq0D4Hd61I0x7,testopp4@gmail.com
00u79q4vz2YPeb86e0x7,testthree3455@gmail.com
00u4m2bil09zlE0DS0x7,registerpartnershipClient@test.com
00u4m2a5wcFIL44uW0x7,ctctest_gcmsclient@gmail.com
00u4m2bcgxyz495e00x7,kgr2pccptest@live.com
00u4m2bxaqWUE6ZTr0x7,testsomething1@pccp.co.uk
00u4m2d2lcaMSPZ6J0x7,seniortester35+324@gmail.com
00u4m2dnb28KcjDNV0x7,pauline.rictesting.client@outlook.com
00u79q4w02TGVvtsW0x7,testtyyy@gmail.com
00u4m2alo5QXMPmIj0x7,licence-testin2@gmail.com
00u4m2c7ewxkn2wBM0x7,seniortester35+510@gmail.com
00u4m2cjlrq6c5K1q0x7,seniortester35+465@gmail.com
00u4m2djasnCLL8vB0x7,seniortester35+182@gmail.com
00u4m2dfsgAf9I4IZ0x7,seniortester35+136@gmail.com
00u71f7dgvQwUxOpv0x7,testsek@gmail.com
00u4m2cn21b2BymYp0x7,seniortester35+582@gmail.com
00u76ee625VopKarg0x7,StartupTest1@startuptest1.com
00u4m2c6n5bWZS2qS0x7,seniortester35+511@gmail.com
00u4m2c56rrF6j6I20x7,him@test.pcp
00u76ej4sn9VWTzLn0x7,performancetesting52@glowtrack.co.uk
00u566gx2wrrjSvJm0x7,6f32625b-a264-4f72-b934-e59245afd066@uam-cypress-tests.kpmg
00u63ub23rJEjiImg0x7,amsclienttest4@gmail.com
00u4m2dlzrYgMgZJm0x7,jamie.rictesting.client@outlook.com
00u4m2c3rqZYB0N410x7,trusteeuser2@pccp.test
00u4m2b8cy0LcanoQ0x7,testuam1@pccp.test
00u4m2d18sDMWoVZI0x7,qatestmaniac+test1@gmail.com
00u4m2d13uS42CQSO0x7,seniortester35+138@gmail.com
00u76eod0gHkcbLif0x7,performancetesting83@glowtrack.co.uk
00u4m2d3h1Js9S6p40x7,seniortester35+394@gmail.com
00u57a202wFNt1gz40x7,testuam@testuam.com
00u4m2dcqlGbLQpr80x7,seniortester35+168@gmail.com
00u5djp0jw3PjXhzu0x7,testuser2023@gmail.com
00u4m2dldzziIbaZe0x7,automationtester100+Delegate2@gmail.com
00u79q4wngaNKmK7z0x7,robtest5.robtest5@robtest5.com
00u4m2cxonAnNTEDo0x7,seniortester35+538@gmail.com
00u4m2cc61jWSVVYx0x7,seniortester35+594@gmail.com
00u4m2ct2uvDS8GT00x7,seniortester35+534@gmail.com
00u77muen1PqQ0y4y0x7,testemail@mail.com
00u76eppx207JqNTK0x7,robtest1.robtest1@robtest1.com
00u4m2c1i7jTCeS2c0x7,delegatetest45@gmail.com
00u4m2dfr9ISbMvjh0x7,seniortester35+17c3@gmail.com
00u4m2dhv2V0JoKSl0x7,seniortester35+173@gmail.com
00u4m2c5xt3jIrP1q0x7,christopherbuchanan81+pcc11-05-int-test@gmail.com
00u4m2dkvjmIcykHr0x7,seniortester35+180i@gmail.com
00u583hj7t57neuze0x7,testuam-2023-06-01_18-31-56@kgr-uam-local.com
00u4m2bmm4ix8RSdc0x7,test24@gmail.com
00u4m2duioHot6d780x7,pcc.inttest.8+18@gmail.com
00u4m2byfhbpJJINv0x7,test2clientuam125@pccp.co.uk
00u4m2dl9z7anqS7f0x7,asdasd@test.com
00u57a590pzf1hlrP0x7,testuam4@gmail.com
00u4m2deufnIdaTCY0x7,seniortester35+247@gmail.com
00u76ep5jivi5aIHA0x7,perftest-8@glowtrack.co.uk
00u4m2csxw8iO7XAr0x7,seniortester35+393@gmail.com
00u77mqufzjaedtbW0x7,test.userxyz@test.co.uk
00u4m2cxvk7bkWZcC0x7,seniortester35+323@gmail.com
00u4m2c14rmZ9ATCZ0x7,sprintM60Test@test.com
00u4m2chx2R6vmCBp0x7,seniortester35+486@gmail.com
00u4m2dl03w3p64KW0x7,seniortester35+172b@gmail.com
00u4m2ciwk6TwwefN0x7,seniortester35+415@gmail.com
00u4m2big6fqeuXTx0x7,pccpuam1@pccp.test
00u4m2crstxgdZw810x7,seniortester35+355@gmail.com
00u4m2coqi2xzYC1v0x7,seniortester35+421@gmail.com
00u4m2czupdiFXZSa0x7,seniortester35+221@gmail.com
00u7a8iujySaNZFYW0x7,test23@gmail.com
00u5k15q9ydfU74At0x7,bots_01.testUser@domai.co.uk
00u4m2dh7oQFV6f5T0x7,seniortester35+170@gmail.com
00u4m2dvb841XPWeV0x7,christopherbuchanan81+18-2-test2@gmail.com
00u4pzcf2g3gb04lR0x7,ksk_ctctesting@gmail.com
00u4m2cexyzBp5fLY0x7,seniortester35+487@gmail.com
00u4m2c5qan6MgHYM0x7,seniortester35+577@gmail.com
00u79q52oem4CSkRu0x7,testticket@gmail.com
00u4m2c5788uCGUKb0x7,prospectiveclient.ric5@pccp.test
00u4m2doncAptkR320x7,ds@test.com
00u5bgkuf69PCFhYR0x7,automationtester2k20+4748@test.com
00u4m2d65xqs53rGQ0x7,seniortester35+336@gmail.com
00u4m2c73j1M2JNPw0x7,seniortester35+66@gmail.com
00u4m2ccc0nXUw08i0x7,test1115332942@gmail.com
00u4m2d68kGB1N0R70x7,seniortester35+246@gmail.com
00u4m2c6whkjg13NT0x7,seniortester35+608@gmail.com
00u4m2comnMjK0qxE0x7,seniortester35+568@gmail.com
00u4m2al2g7voflL00x7,ktbtestforctprod@gmail.com
00u4m2d1klDXXq1p40x7,seniortester35+381@gmail.com
00u4m2cufbwtxe9Nw0x7,qatestmaniac+test4@gmail.com
00u76emsgmGywIPUx0x7,performancetesting55@glowtrack.co.uk
00u4m2ci0iHhdkvr20x7,seniortester35+521@gmail.com
00u4m2cxsgwyjCgPZ0x7,seniortester35+405@gmail.com
00u4m2c1j36cZY0jr0x7,testuam5@pccp.test
00u4m2dy9emaob01t0x7,automationtester2k20+LAP@gmail.com
00u4m2at71DGIpSu80x7,testuam@pccp.co.test
00u4m2c9luT1gOKkh0x7,seniortester35+595@gmail.com
00u4m2cn29ZG00ch50x7,seniortester35+556@gmail.com
00u4m2cxrrEGg8jb30x7,seniortester35+282@gmail.com
00u58uez9gtm2jx030x7,demo1@test22321.com
00u51c07ehPk4RtR10x7,msuamoktadevtest2@gmail.com
00u4m2cyooDkQrSrS0x7,seniortester35+278@gmail.com
00u4m2c0vbusm0xes0x7,test1858027244@gmail.com
00u4m2d57lOPbZhHG0x7,seniortester35+249@gmail.com
00u56bku89uMSw2kx0x7,ad52119a-2b5c-4758-8095-a24f4b96580d@uam-cypress-tests.kpmg
00u77mrwdvbBT5pky0x7,test123@user.com
00u4m2byhkcbVTumt0x7,test@test3.pccp
00u4m2bw9i0vMsd510x7,testuam4@pccp.test
00u4m2cossnMbRpNx0x7,seniortester35+429@gmail.com
00u5cf7weldmWPQwa0x7,testclient5@load.com
00u4m2cix4oVyrbxO0x7,seniortester35+440@gmail.com
00u4m2crt2Ondjokj0x7,seniortester35+352@gmail.com
00u76egx3d9OV8RAw0x7,performancetesting12@glowtrack.co.uk
00u76eilpzkcbZlfn0x7,performancetesting29@glowtrack.co.uk
00u5fdzmh2gVPaPUH0x7,1243434test@4545039540.com
00u4m2cox2jmePYMo0x7,seniortester35+305@gmail.com
00u76epezfIy8jhVs0x7,perftesting-6@glowtrack.co.uk
00u4m2c92l2o4bbVN0x7,test212321sdfsd3312@test.com
00u4m2c1mz5cX9gGS0x7,pccp6965Individual@test.com
00u5775q4hROVaxV50x7,testuam428@uam428.com
00u4m2crp2fQ8JEV20x7,seniortester35+207@gmail.com
00u4m2c84h1hU9DhT0x7,seniortester35+585@gmail.com
00u4m2drseKRUHWZQ0x7,as@test.com
00u4m2cu70Uq7m17E0x7,seniortester35+359@gmail.com
00u4npnqprmt2dYrV0x7,test.dele@pcc.test
00u4m2d01tmARm15J0x7,seniortester35+537@gmail.com
00u4m2cm9drS45Z6P0x7,seniortester35+617@gmail.com
00u556o361gFEG9JP0x7,automationtester2k20+DEG3@gmail1.com
00u56b758lurUPRsp0x7,933c893e-b18b-4548-9901-2d916d1e6bb4@uam-cypress-tests.kpmg
00u4m2d1zeZ5HcLHv0x7,seniortester35+255@gmail.com
00u76eh25lw0fHaR80x7,performancetesting11@glowtrack.co.uk
00u4m2cgrhnf0Dmqj0x7,Swartest@pcco.test
00u4m2cxsrVPrWBaq0x7,seniortester35+364@gmail.com
00u3wwkfu3WPo6eRh0x7,test@taxbridge.com
00u4m2e1v4Bjcsp8s0x7,automationtester100@gmail.com
00u4m2bbqwYxhIIXJ0x7,deleagte.test@gmail.com
00u4m2cv9rexV9ZZ20x7,prospectiveclient.ric1@pccp.test
00u4m2cs8qhm29VVX0x7,seniortester35+157@gmail.com
00u4m2aag05ZtCGZp0x7,aradhanatestgcms@gmail.com
00u4m2at3wQQAoMF50x7,Test@test.pcp
00u4m2d436VpwfaYG0x7,seniortester35+275@gmail.com
00u4m2e3p2brhDx8W0x7,a@test.com
00u4m2chohL4RT7np0x7,testdelegate514@gmail.com
00u4m2d00wJTWeZCL0x7,seniortester35+420@gmail.com
00u76eqts3ceHwSwk0x7,test-3@glowtrack.co.uk
00u4m2adh1Gbj6rqr0x7,test-dev@devtest.com
00u4m2d0ymeuvYeR40x7,seniortester35+268@gmail.com
00u4m2c12zE2WqjhE0x7,seniortester35+625@gmail.com
00u4m2cr8fNfG9dQn0x7,seniortester35+3177@gmail.com
00u4m2ce1hFeDUww50x7,seniortester35+619@gmail.com
00u4m2b83bWi028HU0x7,testab@pcc.test
00u77mv10kDuv54vE0x7,testuser@mail.com
00u76ekj4y2t2Orvo0x7,performancetesting53@glowtrack.co.uk
00u4m2di3jegeGpjw0x7,pcc.inttest.4@gmail.com
00u4m2ct135s2B6hr0x7,seniortester35+175e@gmail.com
00u4m2d4qk5t477n20x7,seniortester35+444@gmail.com
00u4m2ac0cwqLTF3I0x7,testclientlates232701@yahoo.com
00u4m2ddaaYSZpCzs0x7,seniortester35+125@gmail.com
00u4m2cia0CmjKDSl0x7,trustee.apr01@pccp.test
00u4m2d0n1cCpdyKw0x7,sdsa@test.com
00u4m2byekbBGdjPk0x7,testdelegatepccp@pccp.test
00u76eq7i9DWgJsRN0x7,test-12@glowtrack.co.uk
00u4m2cr819qfMlDd0x7,seniortester35+335@gmail.com
00u4m2c5v4vmf8kWr0x7,seniortester35+427@gmail.com
00u76emgguzhUCesq0x7,performancetesting79@glowtrack.co.uk
00u4m2ciicjAlrHVO0x7,test@yah.com
00u4m2e2695DZ3AUO0x7,erer@test.com
00u4m2c1ehGTNaqzJ0x7,Test39@pccp.test
00u76ep6ln9xv7GTT0x7,perftest-1@glowtrack.co.uk
00u4m2ebadJh2KYYx0x7,christopherbuchanan81+2-3-test3@email.com
00u4m2crq7AOcD7n40x7,seniortester35+365@gmail.com
00u4m2cdccnVZ3kId0x7,seniortester35+621@gmail.com
00u4m2ch4o5ajgB5t0x7,shilpistesting2@gmail.com
00u4m2d4c7KebsvKd0x7,seniortester35+229@gmail.com
00u4m2cml4FySthV70x7,seniortester35+516@gmail.com
00u4m2ctfqlbuvWDM0x7,seniortester35+303@gmail.com
00u4w5nojrEL7BZf10x7,test@outlook.com
00u4m2dzoi2WtzTUg0x7,coe-automation@test.com
00u4m2basiMGhWbiF0x7,test56789_delegate@pcc.com
00u53nxbfwMkdX9Ss0x7,partnershiptest@email.com
00u4m2d5aiPX3dXI50x7,seniortester35+293@gmail.com
00u4m2ct8g8kZlxKA0x7,seniortester35+475@gmail.com
00u4m2crjtP7WOxpV0x7,seniortester35+431@gmail.com
00u4m2e3cozbyt22g0x7,fsf@test.com
00u50nc7zvszTH6KV0x7,Rajeeta.Kaul@test.com
00u51rgvrlU8CeFOx0x7,test@email.com
00u4m2cerjNr00Q1X0x7,seniortester35+delegate@gmail.com
00u4pzhypyLlUyMNp0x7,yuki@prop.test
00u4m2czjbhN8qNby0x7,seniortester35+314@gmail.com
00u4m2c5d4lwBRqyX0x7,mstest3@pccp.pccp
00u79q4vvgnlNCBAB0x7,test1@RA0607.com
00u4m2ciw9hFipy7D0x7,seniortester35+448@gmail.com
00u507f090dCVVEbb0x7,test@test.co.uk
00u4m2cywuwS37G6i0x7,seniortester35+267@gmail.com
00u4m2cn3blZGCre20x7,seniortester35+552@gmail.com
00u4m2clatFhL0wjJ0x7,seniortester35+424@gmail.com
00u4m2e2ddBq2JvKO0x7,christopherbuchanan81+2-6-int-test-2@gmail.com
00u4m2at2ldROINUQ0x7,testpro123@pccp.test
00u76eqpr64LlmItj0x7,test-7@glowtrack.co.uk
00u4m2bvp3OFXTENu0x7,test123@test.test
00u4m2aes5xn8D05t0x7,uattestclient123@gmail.com
00u775ls3zXcliRSg0x7,mstestswitchover208@gmail.com
00u4m2c39fZuAo9Xg0x7,testsomething@pccp.test
00u4m2dztzO122P0g0x7,AutomationTester3@pccp.test
00u77mre91VrxqCM40x7,test.userxyz@glowtrack.co.uk
00u77mrzaqpXWtUTI0x7,test2manvir@gmal.com
00u4m2d371tyjGrP40x7,seniortester35+382@gmail.com
00u4m2cxq5Dtaty8d0x7,seniortester35+285@gmail.com
00u76eorbzsc1IruH0x7,performancetesting76@glowtrack.co.uk
00u4m2chayWKLGKxB0x7,seniortester35+453@gmail.com
00u4m2batu58ClvLR0x7,Test16@pccp.test
00u77mqk556RRE9MU0x7,test.delete@fake.com
00u547h8tappa1jV80x7,testappmigration15@gmail.com
00u4m2cgw9ONb85R50x7,seniortester35+616@gmail.com
00u4m2cgqws6S7X5H0x7,seniortester35+598@gmail.com
00u4m2crla9T6mxt50x7,seniortester35+387@gmail.com
00u76ejeuhrWwhCVk0x7,performancetesting50@glowtrack.co.uk
00u51rjzd5DAVzX0w0x7,testinsights005@gmail.com
00u4m2bygvi8AAzPC0x7,Test45@pccp.test
00u55vk5ojWOhLnje0x7,automationtester2k20+EmailDelegate@gmail1.com
00u4m2bbozylFBmyD0x7,delegate@test.com
00u4m2bw2qFdp9F2U0x7,tesdfadadfast@test.com
00u4m2c82padXMYpz0x7,seniortester35+493@gmail.com
00u4m2d4g54VkK6oS0x7,sdfsdf@test.com
00u4m2cxbzm5SvNsm0x7,seniortester35+266@gmail.com
00u4m2btc23wInmvx0x7,automationtester2k20+Delegate12@gmail.com
00u4m2cnkbNf79s3W0x7,seniortester35+368@gmail.com
00u4m2dyvxyNAXxyV0x7,dfds@test.com
00u4m2ccfeALN7for0x7,test@test.inv
00u4m2e6k4JkREgv70x7,defect7126@test.com
00u4m2dnqf9Y2LtgX0x7,jill.rictesting.client@outlook.com
00u4m2dc0fEEnGWjd0x7,coe@test.com
00u4m2d23k7foUgwt0x7,seniortester35+289@gmail.com
00u4m2cfkxlA42Y5F0x7,seniortester35+506@gmail.com
00u4m2df12isc1DEu0x7,seniortester35+187@gmail.com
00u4m2c810akQMDYS0x7,seniortester35+544@gmail.com
00u4m2cluyPyt3ZwF0x7,test123@gmail.com
00u4m2cm9lXkxfBiY0x7,seniortester35+499@gmail.com
00u76ehex6keoxOye0x7,performancetesting14@glowtrack.co.uk
00u4m2cm75quZ7zyg0x7,seniortester35+505@gmail.com
00u4m2cltzfRqIIMe0x7,seniortester35+610@gmail.com
00u5hwpxx69XDVMUj0x7,test.contact2@gmail.com
00u4m2d0rxnxfsNIA0x7,seniortester35+257@gmail.com
00u4m2cre5ddKmcRM0x7,seniortester35+238@gmail.com
00u4m2dd6jhg8YCpj0x7,seniortester35+253@gmail.com
00u3fheqvmeqaTB1S0x7,test.user01@okta.com
00u56skx1pecpdJqn0x7,automationtester2k20+DEG3@gmail101.com
00u4m2cxpvkMDJzPY0x7,seniortester35+432@gmail.com
00u4m2c7i4pq808Cm0x7,testuam2@pccp.test
00u4m2e4p54vJTYvb0x7,kktest1@gmail.com
00u76eott10JvXZ0r0x7,performancetesting92@glowtrack.co.uk
00u4m2d3jfCZ4sNF00x7,seniortester35+174@gmail.com
00u4m2ce0daGz5hsK0x7,seniortester35+503@gmail.com
00u76epd5383kvHHW0x7,perftest-7@glowtrack.co.uk
00u4m2a27nkzPIvDe0x7,gcmstesttest123@gmail.com
00u4m2cr9qRnnrfGK0x7,seniortester35+346@gmail.com
00u4m2crvvfhE0GPa0x7,seniortester35+179h@gmail.com
00u4m2af6apymBDrJ0x7,ctcportaltest@gmail.com
00u4m2cxb16JGA8DW0x7,seniortester35+20@gmail.com
00u76ejg91jGxFvI80x7,performancetesting34@glowtrack.co.uk
00u4m2czbk2glfiDT0x7,seniortester35+206@gmail.com
00u4m2chtgzjduFHJ0x7,seniortester35+609@gmail.com
00u4m2d19pXhCG7k20x7,seniortester35+102@gmail.com
00u4m2edewFzxLAar0x7,aj.dollar213+test2@gmail.com
00u4m2cquwgOJfOD70x7,seniortester35+536@gmail.com
00u4m2d2ultfsys9Z0x7,seniortester35+196@gmail.com
00u4m2cjf6HKLBp480x7,seniortester35+546@gmail.com
00u4m2d45oeefqXuH0x7,seniortester35+389@gmail.com
00u51r473344gzWZS0x7,ustaxtest@outlook.com
00u4m2dhvbBJki4j50x7,seniortester35+111@gmail.com
00u4m2a3mptObnp450x7,testingcast68@gmail.com
00u4m2cs3jyw0vaWj0x7,seniortester35+243@gmail.com
00u53nxkp4LFNk3ya0x7,testclient1@pccp.com
00u77mtk0gXv5lBtm0x7,test@test2.com
00u4m2d148HCBqfli0x7,qatestmaniac+test13@gmail.com
00u4m2d00hwEtYVV10x7,seniortester35+522@gmail.com
00u5dbipgo35lTvhi0x7,production2@pccp.test
00u4m2d7uqa7JpkCk0x7,seniortester35+191@gmail.com
00u76esbmiuOKIYkQ0x7,3544test@gmail.com
00u4m2bay7V1jmfyS0x7,test.delegate@test.com
00u53nwy7wdLSLGkp0x7,Test2@pccp.test
00u4m2d2ciGbHRBa40x7,seniortester35+441@gmail.com
00u77mrw2300wMYjn0x7,test23874y@email.com
00u76erdiyELG26Ce0x7,test-9@glowtrack.co.uk
00u53nxlawsMc9MNv0x7,pccp6965@test.com
00u77mtk8bn2KwMCh0x7,test@tes.com
00u4m2cr5k8xH9GR10x7,seniortester35+350@gmail.com
00u4m2cdhm2NyUuJv0x7,seniortester35+496@gmail.com
00u4m2duqlX8W9w8C0x7,kanchanatest123456@gmail.com
00u77mq73ng5mNLOW0x7,test-user1@glowtrack.co.uk
00u5uwbqpo69GbHjw0x7,jenimccloudtest@gmail.com
00u4m2e2i4JzYFZpp0x7,aswd@test.com
00u76em73xAcf0sSJ0x7,performancetesting67@glowtrack.co.uk
00u4m2c7wc3Ivu2yO0x7,seniortester35+507@gmail.com
00u77mw825zsHkNVy0x7,useraddtest06112.useraddtest06112@useraddtest06112.com
00u4m2ctylsGGCH030x7,seniortester35+414@gmail.com
00u4m2d582I2MGRoz0x7,seniortester35+104@gmail.com
00u76ep3o4ZxlesJP0x7,performancetesting94@glowtrack.co.uk
00u4m2cckyhOHkTS30x7,seniortester35+564@gmail.com
00u4m2d86vg1e7pFz0x7,seniortester35+154@gmail.com
00u4m2cucz9t2b8fn0x7,seniortester35+176f@gmail.com
00u4m2czb6Zcb8DGP0x7,seniortester35+376@gmail.com
00u4m2crehVzovrOt0x7,seniortester35+139@gmail.com
00u4m2dv6kTnnuaTK0x7,automationtester2k20+Update@gmail.com
00u4m2d4ip53N8uyN0x7,seniortester35+159@gmail.com
00u4m2copulft0yJi0x7,seniortester35+459@gmail.com
00u76eqwrdT1PLKOw0x7,test-8@glowtrack.co.uk
00u76eh1va91S6YpM0x7,performancetesting16@glowtrack.co.uk
00u77ms5q9ApElq1C0x7,test44@mail.com
00u4m2dfo5irTM8Jn0x7,seniortester35+220@gmail.com
00u4m2cu78jVPgu5L0x7,seniortester35+351@gmail.com
00u76eod1rTRi780r0x7,performancetesting82@glowtrack.co.uk
00u4m2cxir8b5RMPK0x7,seniortester35+327@gmail.com
00u4m2cusn2tnNgbF0x7,seniortester35+403@gmail.com
00u4m2cfht0n9Cl1d0x7,seniortester35+624@gmail.com
00u4m2e7sroz1Q0OG0x7,shilpistesting3@gmail.com
00u5b2tk1dti6cLmP0x7,testpros@pcp.com
00u4m2cipjafljGgw0x7,seniortester35+566@gmail.com
00u534cul5rgRiedm0x7,testappmigration6@gmail.com
00u4m2cyl9HeCT0Yw0x7,seniortester35+434@gmail.com
00u77muu7rtvApSGl0x7,testadd@fake.co
00u4m2dhmogh6pgdy0x7,ishitatest2021@gmail.com
00u76ehmqgk6LD04N0x7,performancetesting25@glowtrack.co.uk
00u4m2aaczqYvyULa0x7,ctcnewtest_cstclient@gmail.com
00u4m2cn3uld1rclC0x7,seniortester35+561@gmail.com
00u4m2cr0fy32NFGF0x7,seniortester35+533@gmail.com
00u4m2cdsmKNx8tbo0x7,seniortester35+604@gmail.com
00u77mug9l8smTKMG0x7,testbp1@mail.co.uk
00u4m2d7s15xEW1bS0x7,seniortester35+175@gmail.com
00u4m2dfeqMmFYrvs0x7,seniortester35+109@gmail.com
00u4m2c5u281SMQKi0x7,seniortester35+567@gmail.com
00u4m2bbwkR6d827l0x7,ctscantest@gmail.com
00u4m2dd9fm8odMAh0x7,seniortester35+291@gmail.com
00u4m2d1ezCUnSvIp0x7,seniortester35+183@gmail.com
00u4m2dd6imv84fgV0x7,seniortester35+106@gmail.com
00u4m2chwsxoCSyvS0x7,seniortester35+485@gmail.com
00u4m2chtrlHWo33q0x7,test109166040@gmail.com
00u4m2d02emb36fui0x7,seniortester35+461@gmail.com
00u4m2djnoi15wu1N0x7,asad99sdsad@test.com
00u4m2bvoeebF9kec0x7,testdelegate1@test.com
00u4m2cnbuemdmO7L0x7,seniortester35+474@gmail.com
00u4m2d34a2ZxeI4h0x7,seniortester35+383@gmail.com
00u4m2dwkmNedQwVa0x7,mhtyuty@test.com
00u76eosp9uPUQrDH0x7,performancetesting81@glowtrack.co.uk
00u4m2c40mtb3PbYY0x7,Test35@pccp.test
00u4pz4ikanABqBcC0x7,prospectiveclient.nov11@pccp.test
00u4m2crhfp5lwocy0x7,seniortester35+228@gmail.com
00u4m2ch0k8tnbKqc0x7,seniortester35+547@gmail.com
00u53ntv5gkWr8lJ80x7,clienttype1@test.com
00u4m2bvlu1cPbV310x7,testwf1@gmail.com
00u4m2cf0x5gOSdIa0x7,seniortester35+559@gmail.com
00u4m2e2h3rDNLTxn0x7,automationtester2k20+g@gmail.com
00u4m2cz5ujbj81BO0x7,qatestmaniac_test98@gmail.com
00u4m2cs9arSG7AQs0x7,seniortester35+188@gmail.com
00u4m2d17bDESpA6Z0x7,seniortester35+141@gmail.com
00u560hc52m35ty470x7,john.smith@ttitest.com
00u77mszpsGYREhVR0x7,test7@glowtrack.co.uk
00u5dln58i9EeBeHc0x7,testclient@test.com
00u76eqw9t7d3Wqu00x7,test-10@glowtrack.co.uk
00u4m2c20eXhJ0eF00x7,test@gmail.co.uk
00u4m2dbzbCSvQlyY0x7,prospectiveclient.ric8@pccp.test
00u4m2d7vos2sqPlM0x7,seniortester35+212@gmail.com
00u4m2crdxk7ygFkR0x7,seniortester35+142@gmail.com
00u4m2cxbkTWGAxNG0x7,seniortester35+326@gmail.com
00u4m2d3y6TLfprKo0x7,seniortester35+410@gmail.com
00u4m2ci48O4W0l6m0x7,seniortester35+417@gmail.com
00u79q546lG3vcbLX0x7,robtest11.robtest11@robtest11.com
00u4m2c4249AKDXSS0x7,test.noautomationrole@gmail.com
00u79q4vyaaeqoERN0x7,test655@gmail.com
00u70qwbmc83g7GjF0x7,kgrkpmg+tptest5@gmail.com
00u4m2cyzcMVuI8wF0x7,seniortester35+374@gmail.com
00u4m2c3j73myyV0b0x7,seniortester35+596@gmail.com
00u4m2cuevH4oobmx0x7,seniortester35+242@gmail.com
00u53nx1tw2IdVGD60x7,newClientAuto1527@test.com
00u4m2dlivYET30qc0x7,nitish.gaurav22+test12@gmail.com
00u4m2bbejlWepmgh0x7,Test10@pccp.test
00u4m2cngqaaKwtR80x7,seniortester35+298@gmail.com
00u4m2cux9eGdgptG0x7,seniortester35+341@gmail.com
00u76el172SlFEzGa0x7,performancetesting63@glowtrack.co.uk
00u4m2cys0IRc7Ikj0x7,seniortester35+304@gmail.com
00u563ut1azuCQSlO0x7,2ec97ecd-1a36-4930-9dfa-8525d41fafdf@uam-cypress-tests.kpmg
00u4m2czid90FuZAm0x7,seniortester35+318@gmail.com
00u76eim57NbAVj5t0x7,performancetesting38@glowtrack.co.uk
00u5xv9hnlFe13vkt0x7,testmahesh@example.com
00u4m2cxp87SIptT50x7,seniortester35+454@gmail.com
00u4m2e5h6GY7DcNa0x7,testclienttpp3@gmail.com
00u4m2bw40kwFZqro0x7,pccptestdelegate@pccp.test
00u4m2c4mmHgtsd2a0x7,test.phone@pccp.test
00u5msuwibSbP9TZN0x7,clienttestcase2@gmail.com
00u4m2c8zm5XBWxLp0x7,testdel@gmail.com
00u53nww9mNiD7UK80x7,Test1@pccp.test
00u4m2cz0cmR2RMkd0x7,seniortester35+334@gmail.com
00u4m2dmyjzMFbSh50x7,AutomationTester2@pccp.test
00u4m2d3chJ6r0KRB0x7,seniortester35+265@gmail.com
00u4m2cs1dh6tOgJx0x7,qatestmaniac+test5@gmail.com
00u4m2d7wxQuvNwOZ0x7,seniortester35+222@gmail.com
00u76epcrbVnYYftu0x7,performancetesting95@glowtrack.co.uk
00u4m2dsf39pA5xYk0x7,automationtester2k20+Bug5101@gmail.com
00u4m2cz2ncmrR2AP0x7,seniortester35+232@gmail.com
00u4m2df1cEqQBfPV0x7,seniortester35+155@gmail.com
00u4m2amjuH36PpFD0x7,ctctestuat123@gmail.com
00u76eopnt8Q7aq8k0x7,performancetesting74@glowtrack.co.uk
00u7cg0gnekD7x3ke0x7,vijay@test.com
00u4m2ci5dzN2gvvD0x7,seniortester35+446@gmail.com
00u4m2cduiz0rMz1g0x7,testemail5886@gmail.com
00u76ehm65TmNRGBA0x7,performancetesting13@glowtrack.co.uk
00u76ej4moY5b7Qub0x7,performancetesting37@glowtrack.co.uk
00u76et4bxbDJDfoV0x7,99test@mail.com
00u4m2dh1sriZUDK00x7,seniortester35+100@gmail.com
00u4m2bid0OM6s3Rs0x7,testh.client@gmail.com
00u4m2bx4b9qoAyQP0x7,test.ric7@pccp.com
00u4m2dhgaLUooBCZ0x7,newTrustee7153@test.com
00u4m2bvlm2hd3g4M0x7,testadvisory@test.pccp
00u4m2d3uxenp0QnM0x7,seniortester35+452@gmail.com
00u4m2c693wLOkkLg0x7,testauto1599614723@gmail.com
00u4w9rrsd9CDSMuY0x7,piyu.test@outlook.com
00u4m2dvbgH7zxobc0x7,automationtester2k20+EmailDelegate@gmail.com
00u4m2dkvaeq9ldus0x7,seniortester35+150@gmail.com
00u4m2crqfJ90fGom0x7,seniortester35+281@gmail.com
00u4m2d85xuROjXiH0x7,seniortester35+218@gmail.com
00u76egthvegT7X1a0x7,performancetesting07@glowtrack.co.uk
00u4m2djaj0dQq2AJ0x7,seniortester35+131@gmail.com
00u76eopzsSBYeQwt0x7,performancetesting77@glowtrack.co.uk
00u4m2d3io2x00Dx20x7,seniortester35+332@gmail.com
00u4m2bvpmOhg2Upi0x7,test2@test.pc
00u4m2cxnkz1fIGnu0x7,seniortester35+215@gmail.com
00u77msn6gKJi5Sfu0x7,test33name@mail.com
00u4m2d3hpM5B4mHr0x7,seniortester35+391@gmail.com
00u4m2ctmavLkes6K0x7,seniortester35+316@gmail.com
00u7a7xz6o57r4qwK0x7,hre-test-@hre.com
00u5agxkod2HitoSB0x7,test.user21June2023_03@msn.com
00u77mro2uUrTyjl50x7,test2@mail.com
00u4m2abbrmyaAXkY0x7,testaddclient@gmail.com
00u4m2cjlzz1IgWq30x7,seniortester35+463@gmail.com
00u4m2e7hf9Nk7Lbk0x7,christopherbuchanan81+25-2-test2@gmail.com
00u4m2c1zcnbwUhIo0x7,seniortester35+592@gmail.com
00u4m2c7fuk5zZpwk0x7,test.ric667@pccp.com
00u4m2bbbujXn4pUx0x7,trusteeuser1@pccp.test
00u4m2df1wGysgV3A0x7,seniortester35+15@gmail.com
00u4m2deyheiPnXPv0x7,seniortester35+287@gmail.com
00u4m2d3k5NNTjqER0x7,seniortester35+329@gmail.com
00u4m2c9gf3xksPUj0x7,test931668360@gmail.com
00u5mt31baR8eukMI0x7,automationtestuser@gmail.com
00u79q4um3KePTqbW0x7,test3544@gmail.com
00u76eqplabeKGxNV0x7,test-1@glowtrack.co.uk
00u4m2ddgjnDh42Fv0x7,qatestmaniac+test99@gmail.com
00u76eot2rx9XEmz00x7,performancetesting88@glowtrack.co.uk
00u4m2dkn60yOq7t60x7,dfdsf@test.com
00u4m2dj65NRkaT7L0x7,kirstie.rictesting.client@outlook.com
00u4m2c55pBDfqxvM0x7,automationtester2k20@gmail.com
00u4m2bnch6kTvMjv0x7,testclient2@pccp1.test
00u4m2c4c6Xpjuo3U0x7,seniortester35+599@gmail.com
00u5msuvjxgYRsX4Q0x7,tester-sprint6-client@tesco.co.uk
00u4m2cdjusZ5qcf00x7,seniortester35+579@gmail.com
00u4m2dx1eBS0YFhS0x7,aaaa@test.com
00u4m2ccm4k41juj80x7,seniortester35+467@gmail.com
00u4m2ccgag8z11V70x7,seniortester35+484@gmail.com
00u55j3a1ohK4Riz00x7,170f9344-180f-420e-9af9-7025437f860f@uam-cypress-tests.kpmg
00u4m2e1buVutDxXc0x7,tpptestclient14@gmail.com
00u7cyhvnzDC44jTc0x7,kpmg.hemnaath.test1@outlook.com
00u4m2cenqQ1We3Yu0x7,seniortester35+501@gmail.com
00u4m2c4x48aaIvv30x7,seniortester35+605@gmail.com
00u4m2cl46jQk0PaU0x7,seniortester35+586@gmail.com
00u77msyxdT7M5dAo0x7,test@clientA.com
00u4m2dn6jZLmutmi0x7,prospectiveclient.6891@pccp.test
00u4m2cs2lADxmiJj0x7,seniortester35+240@gmail.com
00u4m2e0ss237h1pX0x7,christopherbuchanan81+15-2-test1@gmail.com
00u4pzioebKMg81Oq0x7,test.nov_11@pcc.test
00u4m2dd45wcoqGm30x7,seniortester35+198@gmail.com
00u5aetse8ILjEpsK0x7,testaddassignment989@gmail.com
00u55j6qcwI8o0Eei0x7,2d3d2bb6-f92a-48a1-9be6-52a125165062@uam-cypress-tests.kpmg
00u4m2cy34zjd2GLH0x7,qatestmaniac+test2@gmail.com
00u5k1ogx8eZZ6wMG0x7,bots_05.testUser@domai.co.uk
00u4m2dxho1V0Q3Po0x7,abcfgrt@test.com
00u76eocvi8zWTdSg0x7,performancetesting75@glowtrack.co.uk
00u4m2dnxzsCPhRiE0x7,seniortester35+184@gmail.com
00u76epen6hMC13MF0x7,perftesting-10@glowtrack.co.uk
00u5mswcxz0Im3by70x7,DemoTest@test.com
00u76evvx5JTTHCQB0x7,dotnet6testing@gmail.com
00u4m2ch7lPwCP9ll0x7,seniortester35+513@gmail.com
00u76er7x1MSGxwuv0x7,test-email@mail.com
00u4rt4xurzKTnxDZ0x7,shubhi.trustee@test.com
00u4m2d2ti3MQnxTt0x7,qatestmaniac@gmail.com
00u4pz7ibzpJMMBTx0x7,test.nov1@pcc.test
00u4m2ckm7kuP2FRw0x7,test726085549@gmail.com
00u4m2ciqyCd0RyyQ0x7,seniortester35+508@gmail.com
00u4m2c3xemw8PAim0x7,messageQueueDevProspective@test.com
00u5op0yp8xk3qnjG0x7,testUser@test.com
00u76n7l7h0ULtmmY0x7,hre-test-2@hre.com
00u54v6w2oPJ0mmmb0x7,testuser2@uam428.com
00u4m2ct6vo22ucac0x7,seniortester35+468@gmail.com
00u4m2c5sj5RKMg1S0x7,seniortester35+491@gmail.com
00u4m2d33zIhPXsoT0x7,seniortester35+439@gmail.com
00u4m2d3320w5M6tU0x7,seniortester35+386@gmail.com
00u58xxcxbgPgtBAd0x7,testdocx234@gmail.com
00u76eh2q09ZJhSdn0x7,performancetesting08@glowtrack.co.uk
00u4m2ckl2836SAMy0x7,test.test@test.co.uk
00u4m2dccazS9UfaT0x7,seniortester35+190@gmail.com
00u4m2d4fxrnuscvR0x7,seniortester35+103@gmail.com
00u77mq4edbeYpIG60x7,test-user1@mail.com
00u4m2cz4bVzGzoU50x7,qatestmaniac+test97@gmail.com
00u55np3c5a87nx1Q0x7,2fc3a545-7088-4474-ad09-22b5ea175e69@uam-cypress-tests.kpmg
00u4m2d2kndoJhT0q0x7,seniortester35+375@gmail.com
00u4m2d1ynaOQzzgA0x7,seniortester35+244@gmail.com
00u4m2bw38PJC6cTQ0x7,swethaapptest@gmail.com
00u4m2bcbhWFkr3tU0x7,testcstuser@test.com
00u4nq6vj1X6cGVU70x7,testgatewaymvp4@gmail.com
00u4m2c5uuIt6JbEH0x7,seniortester35+464@gmail.com
00u4m2cm1uXWhrt2n0x7,seniortester35+518@gmail.com
00u4m2donvPHZoAQ30x7,dgfdgfd@test.com
00u76el0yxAdTVt7I0x7,performancetesting62@glowtrack.co.uk
00u4m2dca0wSCzkx80x7,kjkj@test.com
00u4m2bcgj3Qc6F1A0x7,nipun.bhardwaj@test.com
00u4m2cim12oc7J9V0x7,seniortester35+515@gmail.com
00u4m2cs3aXgn3ebX0x7,seniortester35+209@gmail.com
00u4m2bcdmeL3Z3Gr0x7,Test11@pccp.test
00u76egpkaAiKkAyn0x7,performancetesting01@glowtrack.co.uk
00u4m2c54i3fOpKKY0x7,pccpuam8@pccp.test
00u4m2e525gJhj5YP0x7,CheckopportunityLost@pccp.test
00u7031ixgGVBW8Y60x7,stuart@test.com
00u4m2cv3zNjPBfem0x7,seniortester35+164@gmail.com
00u4m2csml7BvlSMZ0x7,seniortester35+280@gmail.com
00u4m2cuwuOKD0ENx0x7,seniortester35+236@gmail.com
00u4w9xb724Y3nG4U0x7,piyu.test@outlook.comm
00u4m2cd6xLIHEOWP0x7,test7867@pcc.com
00u53nxbgdmDRbySp0x7,pccp7028@test.com
00u76epeol7NUJbge0x7,perftesting-1@glowtrack.co.uk
00u4m2dd3xP9p1AfV0x7,seniortester35+233@gmail.com
00u4m2d0i8xCklMm30x7,seniortester35+197@gmail.com
00u4m2e48s16XKF3j0x7,automationtester2k20sad+A1@gmail.com
00u4wffvtjF5pvZAc0x7,testing1@outlook.com
00u4m2dg45sfvkdQK0x7,asadsd232sad@test.com
00u4m2cdhclAxgwmj0x7,seniortester35+495@gmail.com
00u76ejeqt7UeTdhV0x7,performancetesting41@glowtrack.co.uk
00u77mri30AYsNUn30x7,test.userxyz1@glowtrack.co.uk
00u4m2bj0xun4FCsP0x7,ktatest88@gmail.com
00u76ekjrpHQ8B9vM0x7,performancetesting72@glowtrack.co.uk
00u76eqylguLhSq1O0x7,test-11@glowtrack.co.uk
00u55um6k1TDFAshY0x7,r.j@kpmg.test
00u4t89u2w8MeUpB20x7,testclientctcdashboard@gmail.com
00u77mqnimctZg4hy0x7,test123@test0340402-30.com
00u53nx3l6Sod0N5S0x7,abc@test.com
00u4m2cdaxfAa8kgJ0x7,seniortester35+504@gmail.com
00u76egpldmjmgVRg0x7,performancetesting03@glowtrack.co.uk
00u4m2chu02al6V1r0x7,seniortester35+542@gmail.com
00u4m2ama4XSMMQN10x7,pccpuam3@pccp.test
00u4m2c62v053oQoy0x7,mstest123@simmdev.co.uk
00u4m2d2r7xhh8aDP0x7,seniortester35+143@gmail.com
00u4m2d1g7hJJd6yc0x7,seniortester35+132@gmail.com
00u53nwyt4j2dpTC00x7,newClientAuto1771@test.com
00u53nxdwsDNzQwNv0x7,newClientAuto1254@test.com
00u4m2bw6hlMdmwFC0x7,test@pccp.test
00u4m2a865TBTOzxx0x7,gcmstesttest@gmail.com
00u4m2d31pD2Nygww0x7,seniortester35+171a@gmail.com
00u77mqkc6BpYlc7p0x7,test.user@kpmgglowtrack.com
00u55ntj2wB8NLjra0x7,4182f17a-c38e-4b4a-90e2-2062ebe67710@uam-cypress-tests.kpmg
00u4m2clmnyajWx3t0x7,test@sharmamail.com
00u4m2dr25hh0dBOb0x7,opportunityLost@pccp.test
00u4m2d8fml2qTcgz0x7,asdeqwa@test.com
00u4m2cqymY0itK040x7,seniortester35+519@gmail.com
00u4m2c4hnn6BErr40x7,testric1@pccp.com
00u76ehmcf92gVPc80x7,performancetesting10@glowtrack.co.uk
00u76ep5ciD9Ouewx0x7,perftest-6@glowtrack.co.uk
00u4neplijzfYPJUc0x7,test@gamil.com
00u71tfg4fCFiltUI0x7,mstestswitchover+114@gmail.com
00u4m2cd4xtUCsOxI0x7,testopp14@gmail.com
00u4m2bik5NGIDnih0x7,himanshuchauhanchauhan@test.test
00u4m2bx74DkJUwOS0x7,ddff@ktest.com
00u4m2b88zyf2pziP0x7,test1Me2@pccp.co.uk
00u4pziof8eIxage60x7,prospectiveclient.nov12@pccp.test
00u4m2del4xYphMWk0x7,kanchanatestemail@gmail.com
00u77mw5pdpIbbw0v0x7,useraddtest06111.useraddtest06111@useraddtest06111.com
00u4m2cespSlqdtpC0x7,seniortester35+611@gmail.com
00u6u8psmeDuwD3DX0x7,test@test.com
00u4m2dx9lQPx9vZz0x7,fsdf@test.com
00u4m2cxcdwMISm620x7,seniortester35+201@gmail.com
00u4m2ch2cpAW1QnT0x7,seniortester35+548@gmail.com
00u4m2cxa4Z3u7CzU0x7,seniortester35+200@gmail.com
00u4m2d0becB5ZzLZ0x7,seniortester35+276@gmail.com
00u4dz0rfkgc0eXMI0x7,testopp9@gmail.com
00u4m2e7tektteyPJ0x7,testmf@gmail.com
00u79q54duyUW9n1w0x7,testyweesty1234567@gmail.com
00u4m2d4ori5xYYRs0x7,seniortester35+530@gmail.com
00u51rgvptthlZ9t00x7,test2@email.com
00u4m2ddjxR8LyjVf0x7,pcctesttest8@gmail.com
00u4m2c1rbx9YJEr30x7,jenirobbie+test1@gmail.com
00u4m2a9dpbBB0g9e0x7,test_after_edit2@gmail.com
00u4m2e23ua2GL1JB0x7,kanchanatest12345@gmail.com
00u5ys6x84bvD4mfL0x7,somerandomtestfrom2023@gmail.com
00u535ihxyOVhRiSG0x7,testappmigration9@gmail.com
00u4m2csw9kYCuEt40x7,seniortester35+272@gmail.com
00u4m2cx2jd6tc4g50x7,seniortester35+456@gmail.com
00u4m2cxwtJGt417R0x7,seniortester35+370@gmail.com
00u53nxdxj5nqqrP90x7,newClientAuto1697@test.com
00u4m2cn5i5ARPDJe0x7,seniortester35+524@gmail.com
00u4m2cl29kifwVy50x7,seniortester35+478@gmail.com
00u4m2d2ycIt2CcJo0x7,seniortester35+223@gmail.com
00u79q50val8Hn21d0x7,test3455demo@gmail.com
00u4m2e5k5m55PaHd0x7,automationtester2k20+sweclientcontact@gmail.com
00u4m2dv72F1QEF470x7,christopherbuchanan81+24-2-test2@gmail.com
00u4m2dh38SDJ5XFa0x7,seniortester35+149@gmail.com
00u79q4yh4mYxp9Kz0x7,testone3455@gmail.com
00u4m2dbxxmB2wmCl0x7,pcctest47@gmail.com
00u4m2ci0aq7aozzJ0x7,seniortester35+526@gmail.com
00u4m2cyuvJ4jxuLS0x7,seniortester35+349@gmail.com
00u55qakzyNBLfOyW0x7,617f2a6c-60de-4c84-8d5b-d997e759f905@uam-cypress-tests.kpmg
00u4m2cyo5bmk7z930x7,seniortester35+380@gmail.com
00u4m2e8g1TSr8MxZ0x7,automationtester2k20+4785@gmail.com
00u4m2cxdfXLOl3as0x7,seniortester35+258@gmail.com
00u4m2ee77sGK7zbI0x7,testclienttpp2@gmail.com
00u4m2d3ue9yBhWlz0x7,seniortester35+450@gmail.com
00u4m2dr8o0boeeS30x7,automationtester100+allclients@gmail.com
00u4m2cn8uXxp9caY0x7,seniortester35+425@gmail.com
00u76eh2batUgddXg0x7,performancetesting06@glowtrack.co.uk
00u4m2czajA6vSGex0x7,seniortester35+300@gmail.com
00u4m2e3s4x9qZiAv0x7,roletest897@gmail.com
00u4m2cxwbX4wCRXa0x7,seniortester35+270@gmail.com
00u4m2dcxschefzQm0x7,michaeltest.pccp@gmail.com
00u4m2cr4nRbDH6mJ0x7,seniortester35+261@gmail.com
00u4m2c5nsz4eU77e0x7,seniortester35+502@gmail.com
00u4m2dmd7XyMJgyN0x7,seniortester35+296@gmail.com
00u4m2ch6587OrfI20x7,seniortester35+580@gmail.com
00u76ep4xcp7wrmw90x7,perftesting-5@glowtrack.co.uk
00u7aaahdj5vuId5s0x7,mrinatest720+test1@gmail.com
00u4m2ce4pvFe9qEi0x7,test105428729@gmail.com
00u4m2cv2oMcg4qQL0x7,seniortester35+213@gmail.com
00u5mauzahzTDkdK40x7,test2@uam478.com
00u4m2d2s9EQx0cO80x7,seniortester35+145@gmail.com
00u4m2e4dxeF9iqxa0x7,adsd@test.com
00u4m2czgpv8Go1ZF0x7,seniortester35+310@gmail.com
00u4m2bvziF0HEPsq0x7,trustee2@pctrust.test
00u4m2c7ae4LTLZhq0x7,shilpi'test111@yahoo.com
00u76ej4aoT0rX4Ba0x7,performancetesting30@glowtrack.co.uk
00u4m2cozsLSE6uPH0x7,seniortester35+199@gmail.com
00u4fp4uvgxYG1Zev0x7,testgatewaymvp3@gmail.com
00u4m2cc492Kgd66y0x7,testauto@gmail.com
00u76eec6fmD3uWI50x7,Startuptest2.Startuptest2@Startuptest2.com
00u4m2cy14F6qakTW0x7,seniortester35+178@gmail.com
00u4m2ah80XW0qCSs0x7,katyctctest@gmail.com
00u4m2cexnYmB9THh0x7,seniortester35+497@gmail.com
00u4m2c3hxgEE1EJS0x7,seniortester35+602@gmail.com
00u4m2dyx9H71B0J10x7,df@test.com
00u4m2d2uc28e89n10x7,prospectivetest100@outlook.com
00u4m2e5hfmWcHFpR0x7,testmigration@gmail.com
00u5azihmhf5cFqr60x7,june26.pro@pccp.test
00u76el16x9fWmd2G0x7,performancetesting58@glowtrack.co.uk
00u4m2c6kyJaGqQWL0x7,seniortester35+489@gmail.com
00u7cu51jlVRmDo1b0x7,himanshu.kpmgtest@gmail.com
00u76eqnvoWvsEWh60x7,test-2@glowtrack.co.uk
00u4m2dsetxoNsozE0x7,automationtester2k20+c1@gmail.com
00u4m2dfpnyl792aj0x7,seniortester35+219@gmail.com
00u4m2c837Ve14HZZ0x7,seniortester35+588@gmail.com
00u4m2d23pe5rKQb90x7,seniortester35+123@gmail.com
00u4m2bz9fSahZzdE0x7,test989@pcc.com
00u4m2c7107QeDlCU0x7,test752815767@gmail.com